[{"model": "container.container", "pk": 1, "fields": {"container_id": "HAMU3028963", "container_pdfname": "", "content": "解析出的内容", "created_at": "2025-03-07T16:55:44.182Z", "created_user": null, "plts": 30, "railway_date": "2025-03-06", "pickup_date": "2025-03-06", "delivery_date": "2025-03-06", "empty_date": "2025-03-07", "pickup_number": "None", "invoice_id": null, "invoice_pdfname": "SFSE2412020003.pdf"}}, {"model": "container.container", "pk": 2, "fields": {"container_id": "FFAU5141508", "container_pdfname": "", "content": "解析出的内容", "created_at": "2025-03-07T16:58:38.794Z", "created_user": null, "plts": 20, "railway_date": "2025-03-06", "pickup_date": "2025-03-06", "delivery_date": "2025-03-06", "empty_date": "2025-03-07", "pickup_number": "None", "invoice_id": null, "invoice_pdfname": "SFSE2412020003.pdf"}}, {"model": "container.permission", "pk": 1, "fields": {"name": "Container", "description": ""}}, {"model": "container.permission", "pk": 2, "fields": {"name": "Invoice", "description": ""}}, {"model": "container.permission", "pk": 3, "fields": {"name": "Payment", "description": ""}}, {"model": "container.permission", "pk": 4, "fields": {"name": "Permission", "description": ""}}, {"model": "container.permission", "pk": 5, "fields": {"name": "RiMeiOrder", "description": ""}}, {"model": "container.userandpermission", "pk": 1, "fields": {"username": 1, "permissionIndex": 1}}, {"model": "container.userandpermission", "pk": 2, "fields": {"username": 1, "permissionIndex": 2}}, {"model": "container.userandpermission", "pk": 3, "fields": {"username": 1, "permissionIndex": 3}}, {"model": "container.userandpermission", "pk": 4, "fields": {"username": 1, "permissionIndex": 4}}, {"model": "container.userandpermission", "pk": 5, "fields": {"username": 1, "permissionIndex": 5}}, {"model": "container.userandpermission", "pk": 6, "fields": {"username": 2, "permissionIndex": 1}}, {"model": "container.userandpermission", "pk": 9, "fields": {"username": 3, "permissionIndex": 5}}, {"model": "container.rmorder", "pk": 1, "fields": {"so_num": "85065", "po_num": "481433-70710", "plts": 2, "customer_name": 2, "bol_pdfname": null, "bill_to": null, "ship_to": null, "order_date": null, "pickup_date": "2025-03-07", "outbound_date": "2025-03-07", "is_sendemail": true, "is_updateInventory": true, "created_at": "2025-03-07T17:53:24.939Z", "created_user": null}}, {"model": "container.rmorder", "pk": 2, "fields": {"so_num": "85109", "po_num": "11157014", "plts": 30, "customer_name": 1, "bol_pdfname": null, "bill_to": null, "ship_to": null, "order_date": null, "pickup_date": "2025-03-07", "outbound_date": null, "is_sendemail": true, "is_updateInventory": true, "created_at": "2025-03-07T19:51:41.357Z", "created_user": null}}, {"model": "container.rmorder", "pk": 3, "fields": {"so_num": "85123", "po_num": "49436864", "plts": 8, "customer_name": 6, "bol_pdfname": null, "bill_to": null, "ship_to": null, "order_date": null, "pickup_date": "2025-03-07", "outbound_date": "2025-03-07", "is_sendemail": true, "is_updateInventory": true, "created_at": "2025-03-07T19:53:08.176Z", "created_user": null}}, {"model": "container.rmorder", "pk": 4, "fields": {"so_num": "85147", "po_num": "49436864", "plts": 16, "customer_name": 8, "bol_pdfname": null, "bill_to": null, "ship_to": null, "order_date": null, "pickup_date": "2025-03-07", "outbound_date": "2025-03-07", "is_sendemail": true, "is_updateInventory": false, "created_at": "2025-03-07T19:56:52.393Z", "created_user": null}}, {"model": "container.rmorder", "pk": 5, "fields": {"so_num": "85098", "po_num": "726144-30300", "plts": 13, "customer_name": 2, "bol_pdfname": null, "bill_to": null, "ship_to": null, "order_date": null, "pickup_date": "2025-03-07", "outbound_date": "2025-03-07", "is_sendemail": true, "is_updateInventory": true, "created_at": "2025-03-07T19:57:50.684Z", "created_user": null}}, {"model": "container.rmorder", "pk": 6, "fields": {"so_num": "85058", "po_num": "726028-30320", "plts": 19, "customer_name": 2, "bol_pdfname": null, "bill_to": null, "ship_to": null, "order_date": null, "pickup_date": "2025-03-07", "outbound_date": "2025-03-07", "is_sendemail": true, "is_updateInventory": true, "created_at": "2025-03-07T19:59:06.565Z", "created_user": null}}, {"model": "container.rmorder", "pk": 7, "fields": {"so_num": "85057", "po_num": "726029-30320", "plts": 12, "customer_name": 2, "bol_pdfname": null, "bill_to": null, "ship_to": null, "order_date": null, "pickup_date": "2025-03-07", "outbound_date": null, "is_sendemail": true, "is_updateInventory": true, "created_at": "2025-03-07T19:59:53.661Z", "created_user": null}}, {"model": "container.rmorder", "pk": 8, "fields": {"so_num": "85056", "po_num": "2631572-0347206310001", "plts": 14, "customer_name": 9, "bol_pdfname": null, "bill_to": null, "ship_to": null, "order_date": null, "pickup_date": "2025-03-07", "outbound_date": null, "is_sendemail": false, "is_updateInventory": false, "created_at": "2025-03-07T20:01:22.701Z", "created_user": null}}, {"model": "container.rmorder", "pk": 9, "fields": {"so_num": "85078", "po_num": "656440-43400", "plts": 30, "customer_name": 2, "bol_pdfname": null, "bill_to": null, "ship_to": null, "order_date": null, "pickup_date": "2025-03-07", "outbound_date": "2025-03-07", "is_sendemail": true, "is_updateInventory": true, "created_at": "2025-03-07T20:24:24.767Z", "created_user": null}}, {"model": "container.rmorder", "pk": 10, "fields": {"so_num": "85145", "po_num": "49437821", "plts": 12, "customer_name": 6, "bol_pdfname": null, "bill_to": null, "ship_to": null, "order_date": null, "pickup_date": "2025-03-07", "outbound_date": "2025-03-07", "is_sendemail": false, "is_updateInventory": false, "created_at": "2025-03-07T20:25:07.419Z", "created_user": null}}, {"model": "container.rmorder", "pk": 11, "fields": {"so_num": "85115", "po_num": "481534-70710", "plts": 1, "customer_name": 2, "bol_pdfname": null, "bill_to": null, "ship_to": null, "order_date": null, "pickup_date": "2025-03-07", "outbound_date": null, "is_sendemail": false, "is_updateInventory": false, "created_at": "2025-03-07T20:26:32.675Z", "created_user": null}}, {"model": "container.rmorder", "pk": 12, "fields": {"so_num": "85243", "po_num": "OMS 3/7/25 YUM", "plts": 2, "customer_name": 10, "bol_pdfname": null, "bill_to": null, "ship_to": null, "order_date": null, "pickup_date": "2025-03-07", "outbound_date": null, "is_sendemail": false, "is_updateInventory": true, "created_at": "2025-03-07T21:05:42.666Z", "created_user": null}}, {"model": "container.rmorder", "pk": 18, "fields": {"so_num": "85242", "po_num": "979648-76820", "plts": 10, "customer_name": 1, "bol_pdfname": null, "bill_to": null, "ship_to": null, "order_date": "2025-03-07", "pickup_date": "2025-03-21", "outbound_date": null, "is_sendemail": false, "is_updateInventory": false, "created_at": "2025-03-15T05:11:21.677Z", "created_user": null}}, {"model": "container.rmcustomer", "pk": 1, "fields": {"name": "MCLANE FOODSERVICE", "description": ""}}, {"model": "container.rmcustomer", "pk": 2, "fields": {"name": "BUNZL HOLDINGS, INC.", "description": ""}}, {"model": "container.rmcustomer", "pk": 3, "fields": {"name": "Omar Sample", "description": ""}}, {"model": "container.rmcustomer", "pk": 4, "fields": {"name": "DARDEN DIRECT DIST.", "description": ""}}, {"model": "container.rmcustomer", "pk": 5, "fields": {"name": "Office Depot", "description": ""}}, {"model": "container.rmcustomer", "pk": 6, "fields": {"name": "Armada", "description": ""}}, {"model": "container.rmcustomer", "pk": 7, "fields": {"name": "REINHART FOODSERVICE", "description": ""}}, {"model": "container.rmcustomer", "pk": 8, "fields": {"name": "HAVI GLOBAL SOLUTIONS LLC", "description": ""}}, {"model": "container.rmcustomer", "pk": 9, "fields": {"name": "PFG Customized Dist", "description": ""}}, {"model": "container.rmcustomer", "pk": 10, "fields": {"name": "FedEx Ground", "description": ""}}, {"model": "container.orderimage", "pk": 1, "fields": {"order": 1, "image": "order_images/thumbnail_certificate_IBM_fullstack.png", "uploaded_at": "2025-03-08T05:56:46.721Z"}}, {"model": "container.orderimage", "pk": 2, "fields": {"order": 1, "image": "order_images/thumbnail_certificate_AWS_CloudPractioner.png", "uploaded_at": "2025-03-08T05:56:46.723Z"}}, {"model": "container.invoicecustomer", "pk": 1, "fields": {"name": "BTS5", "description": ""}}, {"model": "container.invoicecustomer", "pk": 2, "fields": {"name": "Aline", "description": ""}}, {"model": "container.invoicecustomer", "pk": 3, "fields": {"name": "Skyline", "description": ""}}, {"model": "container.invoicecustomer", "pk": 4, "fields": {"name": "Rimei", "description": ""}}, {"model": "container.invoicecustomer", "pk": 5, "fields": {"name": "OMAR SP", "description": ""}}, {"model": "container.invoicecustomer", "pk": 6, "fields": {"name": "OMAR TK", "description": ""}}, {"model": "container.invoicecustomer", "pk": 7, "fields": {"name": "SHIPTECH", "description": ""}}, {"model": "container.rmproduct", "pk": 1, "fields": {"name": "20-HBC-01015CC-326PC/EACH FIRST AID KIT", "shortname": "20-HBC", "description": ""}}, {"model": "container.rmproduct", "pk": 2, "fields": {"name": "2810/L  INDUSTRIAL WHITE NITRILE  LARGE", "shortname": "2810/L", "description": ""}}, {"model": "container.rmproduct", "pk": 3, "fields": {"name": "2810/M INDUSTRIAL WHITE NITRILE MEDIUM", "shortname": "2810/M", "description": ""}}, {"model": "container.rmproduct", "pk": 4, "fields": {"name": "2810/XL  INDUSTRIAL WHITE NITRILE  XLARGE", "shortname": "2810/XL", "description": ""}}, {"model": "container.rmproduct", "pk": 5, "fields": {"name": "2820-WH-L DISPOSABLE WHITE NITRILE EXAM GLOVE L", "shortname": "2820", "description": ""}}, {"model": "container.rmproduct", "pk": 6, "fields": {"name": "2820-WH-M DISPOSABLE WHITE NITRILE EXAM GLOVE M", "shortname": "2820", "description": ""}}, {"model": "container.rmproduct", "pk": 7, "fields": {"name": "2820-WH-S DISPOSABLE WHITE NITRILE EXAM GLOVE S", "shortname": "2820", "description": ""}}, {"model": "container.rmproduct", "pk": 8, "fields": {"name": "2820-WH-XL DISPOSABLE WHITE NITRILE EXAM GLOVE XL", "shortname": "2820", "description": ""}}, {"model": "container.rmproduct", "pk": 9, "fields": {"name": "2910/XS NITRILE GLOVES", "shortname": "2910/XS", "description": ""}}, {"model": "container.rmproduct", "pk": 10, "fields": {"name": "2910/XS X-SMALL NITRILE GLOVES", "shortname": "2910/XS", "description": ""}}, {"model": "container.rmproduct", "pk": 11, "fields": {"name": "2910/XXL XXLARGE NITRILE GLOVES", "shortname": "2910/XXL", "description": ""}}, {"model": "container.rmproduct", "pk": 12, "fields": {"name": "2920/L DISPOSABLE BLUE NITRILE EXAM GLOVES", "shortname": "2920/L", "description": ""}}, {"model": "container.rmproduct", "pk": 13, "fields": {"name": "2920/M DISPOSABLE BLUE NITRILE EXAM GLOVES", "shortname": "2920/M", "description": ""}}, {"model": "container.rmproduct", "pk": 14, "fields": {"name": "2920/S DISPOSABLE BLUE NITRILE EXAM GLOVES", "shortname": "2920/S", "description": ""}}, {"model": "container.rmproduct", "pk": 15, "fields": {"name": "2920/X DISPOSABLE BLUE NITRILE EXAM GLOVES", "shortname": "2920/X", "description": ""}}, {"model": "container.rmproduct", "pk": 16, "fields": {"name": "2920/XL DISPOSABLE BLUE NITRILE EXAM GLOVES", "shortname": "2920/XL", "description": ""}}, {"model": "container.rmproduct", "pk": 17, "fields": {"name": "2920/XS DISPOSABLE BLUE NITRILE EXAM GLOVE XS", "shortname": "2920/XS", "description": ""}}, {"model": "container.rmproduct", "pk": 18, "fields": {"name": "2920/XXL DISPOSABLE BLUE NITRILE EXAM GLOVES XXL", "shortname": "2920/XXL", "description": ""}}, {"model": "container.rmproduct", "pk": 19, "fields": {"name": "3-PLY EARLOOP FACE MASK 50PCS/BOX", "shortname": "3-PLY", "description": ""}}, {"model": "container.rmproduct", "pk": 20, "fields": {"name": "5212 SMALL Omar Disposable Vinyl Glove Powder Free", "shortname": "5212 S", "description": ""}}, {"model": "container.rmproduct", "pk": 21, "fields": {"name": "5213 MEDIUM Omar Disposable Vinyl Glove Powder Free", "shortname": "5213 M", "description": ""}}, {"model": "container.rmproduct", "pk": 22, "fields": {"name": "5214 LARGE Omar Disposable Vinyl Glove Powder Free", "shortname": "5214 L", "description": ""}}, {"model": "container.rmproduct", "pk": 23, "fields": {"name": "5215  XLARGE Omar Disposable Vinyl Glove Powder Free", "shortname": "5215  XL", "description": ""}}, {"model": "container.rmproduct", "pk": 24, "fields": {"name": "5216 XXL Omar Disposable Vinyl Glove Powder Free", "shortname": "5216 XXL", "description": ""}}, {"model": "container.rmproduct", "pk": 25, "fields": {"name": "7502 (C-M) DISPOSABLE VINYL GLOVEAS CLEAR", "shortname": "7502M", "description": ""}}, {"model": "container.rmproduct", "pk": 26, "fields": {"name": "7503 MEDIUM CLEAR POWDERED VINYL GLOVE", "shortname": "7503M", "description": ""}}, {"model": "container.rmproduct", "pk": 27, "fields": {"name": "7504 (C-L) DISPOSABLE VINYL GLOVES CLEAR", "shortname": "7504L", "description": ""}}, {"model": "container.rmproduct", "pk": 28, "fields": {"name": "7505 X-LARGE CLEAR POWDERED VINYL FOOD HANDLING GLOVES", "shortname": "7505XL", "description": ""}}, {"model": "container.rmproduct", "pk": 29, "fields": {"name": "76502 HYBRID POLY GLOVES S", "shortname": "76502", "description": ""}}, {"model": "container.rmproduct", "pk": 30, "fields": {"name": "76503 HYBRID POLY GLOVES M", "shortname": "76503", "description": ""}}, {"model": "container.rmproduct", "pk": 31, "fields": {"name": "76504 HYBRID POLY GLOVES L", "shortname": "76504", "description": ""}}, {"model": "container.rmproduct", "pk": 32, "fields": {"name": "76505 HYBRID POLY GLOVES XL", "shortname": "76505", "description": ""}}, {"model": "container.rmproduct", "pk": 33, "fields": {"name": "76506 HYBRID POLY GLOVES XXL", "shortname": "76506", "description": ""}}, {"model": "container.rmproduct", "pk": 34, "fields": {"name": "8502 SMALL YELLOW POWDERED VINYL FOOD HANDLING GLOVES", "shortname": "8502S", "description": ""}}, {"model": "container.rmproduct", "pk": 35, "fields": {"name": "8503 (Y-M) DISPOSABLE VINYL GLOVES CLEAR", "shortname": "8503M", "description": ""}}, {"model": "container.rmproduct", "pk": 36, "fields": {"name": "8504/L YELLOW POWDERED VINYL FOOD HANDLING GLOVE", "shortname": "8504L", "description": ""}}, {"model": "container.rmproduct", "pk": 37, "fields": {"name": "8505 X-LARGE YELLOW POWDERED VINYL FOOD HANDLING GLOVES", "shortname": "8505XL", "description": ""}}, {"model": "container.rmproduct", "pk": 38, "fields": {"name": "CAN 4347 CAN LINER 43X47\" NATURAL HDPE", "shortname": "CAN4347", "description": ""}}, {"model": "container.rmproduct", "pk": 39, "fields": {"name": "CAN1718 CAN LINER 17X18\" NATURAL HDPE", "shortname": "CAN1718", "description": ""}}, {"model": "container.rmproduct", "pk": 40, "fields": {"name": "CAN3339 CAN LINER 33X39\" NATURAL HDPE", "shortname": "CAN3339", "description": ""}}, {"model": "container.rmproduct", "pk": 41, "fields": {"name": "CAN3746 CAN LINER 37X46\" NATURAL HDPE", "shortname": "CAN3746", "description": ""}}, {"model": "container.rmproduct", "pk": 42, "fields": {"name": "CAN3860 CAN LINER 38X60\" NATURAL HDPE", "shortname": "CAN3860", "description": ""}}, {"model": "container.rmproduct", "pk": 43, "fields": {"name": "CAN4042 CAN LINER 40X42\"", "shortname": "CAN4042", "description": ""}}, {"model": "container.rmproduct", "pk": 44, "fields": {"name": "KLT1009 Kant Leak Tray", "shortname": "KLT1009", "description": ""}}, {"model": "container.rmproduct", "pk": 45, "fields": {"name": "TC10-6-2424", "shortname": "TC10-6-2424", "description": ""}}, {"model": "container.rmproduct", "pk": 46, "fields": {"name": "TC30-8-3037", "shortname": "TC30-8-3037", "description": ""}}, {"model": "container.rmproduct", "pk": 47, "fields": {"name": "TC45-16-4348", "shortname": "TC45-16-4348", "description": ""}}, {"model": "container.rmproduct", "pk": 48, "fields": {"name": "TC45-4248-CPST", "shortname": "TC45-4248-CPST", "description": ""}}, {"model": "container.rmproduct", "pk": 49, "fields": {"name": "TC60-22-3860", "shortname": "TC60-22-3860", "description": ""}}, {"model": "container.rmproduct", "pk": 50, "fields": {"name": "TCB45-16-4348", "shortname": "TCB45-16-4348", "description": ""}}, {"model": "container.rmproduct", "pk": 51, "fields": {"name": "TCL-2.8-484275", "shortname": "TCL-2.8-484275", "description": ""}}, {"model": "container.rmproduct", "pk": 52, "fields": {"name": "TLESIM-2-1016", "shortname": "TLESIM-2-1016", "description": ""}}, {"model": "container.rmproduct", "pk": 53, "fields": {"name": "TLESIM-2-1824", "shortname": "TLESIM-2-1824", "description": ""}}, {"model": "container.rmproduct", "pk": 54, "fields": {"name": "TLESIM-3-0705", "shortname": "TLESIM-3-0705", "description": ""}}, {"model": "container.rmproduct", "pk": 55, "fields": {"name": "TLESIM-3-2433", "shortname": "TLESIM-3-2433", "description": ""}}, {"model": "container.rmproduct", "pk": 56, "fields": {"name": "TLRB-0610", "shortname": "TLRB-0610", "description": ""}}, {"model": "container.rmproduct", "pk": 58, "fields": {"name": "TLRU-1113", "shortname": "TLRU-1113", "description": ""}}, {"model": "container.rmproduct", "pk": 59, "fields": {"name": "TLUB-67524", "shortname": "TLUB-67524", "description": ""}}, {"model": "container.rminventory", "pk": 1, "fields": {"product": 1, "quantity": 453}}, {"model": "container.rminventory", "pk": 2, "fields": {"product": 2, "quantity": 4867}}, {"model": "container.rminventory", "pk": 3, "fields": {"product": 3, "quantity": 6636}}, {"model": "container.rminventory", "pk": 4, "fields": {"product": 4, "quantity": 8988}}, {"model": "container.rminventory", "pk": 5, "fields": {"product": 5, "quantity": 4710}}, {"model": "container.rminventory", "pk": 6, "fields": {"product": 6, "quantity": 7578}}, {"model": "container.rminventory", "pk": 7, "fields": {"product": 7, "quantity": 325}}, {"model": "container.rminventory", "pk": 8, "fields": {"product": 8, "quantity": 6675}}, {"model": "container.rminventory", "pk": 9, "fields": {"product": 9, "quantity": -7}}, {"model": "container.rminventory", "pk": 10, "fields": {"product": 10, "quantity": 8}}, {"model": "container.rminventory", "pk": 11, "fields": {"product": 11, "quantity": 13}}, {"model": "container.rminventory", "pk": 12, "fields": {"product": 12, "quantity": 1013}}, {"model": "container.rminventory", "pk": 13, "fields": {"product": 13, "quantity": 163}}, {"model": "container.rminventory", "pk": 14, "fields": {"product": 14, "quantity": 817}}, {"model": "container.rminventory", "pk": 15, "fields": {"product": 15, "quantity": 0}}, {"model": "container.rminventory", "pk": 16, "fields": {"product": 16, "quantity": 628}}, {"model": "container.rminventory", "pk": 17, "fields": {"product": 17, "quantity": 100}}, {"model": "container.rminventory", "pk": 18, "fields": {"product": 18, "quantity": 60}}, {"model": "container.rminventory", "pk": 19, "fields": {"product": 19, "quantity": 134}}, {"model": "container.rminventory", "pk": 20, "fields": {"product": 20, "quantity": 2009}}, {"model": "container.rminventory", "pk": 21, "fields": {"product": 21, "quantity": 12662}}, {"model": "container.rminventory", "pk": 22, "fields": {"product": 22, "quantity": 4365}}, {"model": "container.rminventory", "pk": 23, "fields": {"product": 23, "quantity": 3723}}, {"model": "container.rminventory", "pk": 24, "fields": {"product": 24, "quantity": 0}}, {"model": "container.rminventory", "pk": 25, "fields": {"product": 25, "quantity": 980}}, {"model": "container.rminventory", "pk": 26, "fields": {"product": 26, "quantity": 3440}}, {"model": "container.rminventory", "pk": 27, "fields": {"product": 27, "quantity": 2576}}, {"model": "container.rminventory", "pk": 28, "fields": {"product": 28, "quantity": 743}}, {"model": "container.rminventory", "pk": 29, "fields": {"product": 29, "quantity": 250}}, {"model": "container.rminventory", "pk": 30, "fields": {"product": 30, "quantity": 236}}, {"model": "container.rminventory", "pk": 31, "fields": {"product": 31, "quantity": 223}}, {"model": "container.rminventory", "pk": 32, "fields": {"product": 32, "quantity": 364}}, {"model": "container.rminventory", "pk": 33, "fields": {"product": 33, "quantity": 492}}, {"model": "container.rminventory", "pk": 34, "fields": {"product": 34, "quantity": 611}}, {"model": "container.rminventory", "pk": 35, "fields": {"product": 35, "quantity": 1605}}, {"model": "container.rminventory", "pk": 36, "fields": {"product": 36, "quantity": 1912}}, {"model": "container.rminventory", "pk": 37, "fields": {"product": 37, "quantity": 1495}}, {"model": "container.rminventory", "pk": 38, "fields": {"product": 38, "quantity": 223}}, {"model": "container.rminventory", "pk": 39, "fields": {"product": 39, "quantity": 311}}, {"model": "container.rminventory", "pk": 40, "fields": {"product": 40, "quantity": 2068}}, {"model": "container.rminventory", "pk": 41, "fields": {"product": 41, "quantity": 1689}}, {"model": "container.rminventory", "pk": 42, "fields": {"product": 42, "quantity": 0}}, {"model": "container.rminventory", "pk": 43, "fields": {"product": 43, "quantity": 194}}, {"model": "container.rminventory", "pk": 44, "fields": {"product": 44, "quantity": 1993}}, {"model": "container.rminventory", "pk": 45, "fields": {"product": 45, "quantity": 509}}, {"model": "container.rminventory", "pk": 46, "fields": {"product": 46, "quantity": 595}}, {"model": "container.rminventory", "pk": 47, "fields": {"product": 47, "quantity": 1724}}, {"model": "container.rminventory", "pk": 48, "fields": {"product": 48, "quantity": 869}}, {"model": "container.rminventory", "pk": 49, "fields": {"product": 49, "quantity": 3696}}, {"model": "container.rminventory", "pk": 50, "fields": {"product": 50, "quantity": 370}}, {"model": "container.rminventory", "pk": 51, "fields": {"product": 51, "quantity": 3146}}, {"model": "container.rminventory", "pk": 52, "fields": {"product": 52, "quantity": 931}}, {"model": "container.rminventory", "pk": 53, "fields": {"product": 53, "quantity": 545}}, {"model": "container.rminventory", "pk": 54, "fields": {"product": 54, "quantity": 954}}, {"model": "container.rminventory", "pk": 55, "fields": {"product": 55, "quantity": 354}}, {"model": "container.rminventory", "pk": 56, "fields": {"product": 56, "quantity": 304}}, {"model": "container.rminventory", "pk": 58, "fields": {"product": 58, "quantity": 194}}, {"model": "container.rminventory", "pk": 59, "fields": {"product": 59, "quantity": 62}}, {"model": "container.clockrecord", "pk": 1, "fields": {"employee_name": 1, "date": "2025-03-10", "weekday": 0, "morning_in": "07:00:00", "morning_out": "18:00:00", "afternoon_in": null, "afternoon_out": null, "evening_in": null, "evening_out": null, "total_hours": "11.00", "created_at": "2025-03-18T04:53:44.277Z", "updated_at": "2025-03-18T04:53:44.277Z"}}, {"model": "container.clockrecord", "pk": 2, "fields": {"employee_name": 1, "date": "2025-03-11", "weekday": 1, "morning_in": "08:00:00", "morning_out": "19:00:00", "afternoon_in": null, "afternoon_out": null, "evening_in": null, "evening_out": null, "total_hours": "11.00", "created_at": "2025-03-18T21:03:18.580Z", "updated_at": "2025-03-18T21:20:43.978Z"}}, {"model": "container.clockrecord", "pk": 3, "fields": {"employee_name": 1, "date": "2025-03-12", "weekday": 2, "morning_in": null, "morning_out": null, "afternoon_in": null, "afternoon_out": null, "evening_in": null, "evening_out": null, "total_hours": "0.00", "created_at": "2025-03-18T21:03:18.586Z", "updated_at": "2025-03-18T21:26:36.765Z"}}, {"model": "container.clockrecord", "pk": 4, "fields": {"employee_name": 1, "date": "2025-03-13", "weekday": 3, "morning_in": null, "morning_out": null, "afternoon_in": null, "afternoon_out": null, "evening_in": null, "evening_out": null, "total_hours": "0.00", "created_at": "2025-03-18T21:03:18.592Z", "updated_at": "2025-03-18T21:26:36.766Z"}}, {"model": "container.clockrecord", "pk": 5, "fields": {"employee_name": 1, "date": "2025-03-14", "weekday": 4, "morning_in": null, "morning_out": null, "afternoon_in": null, "afternoon_out": null, "evening_in": null, "evening_out": null, "total_hours": "0.00", "created_at": "2025-03-18T21:03:18.598Z", "updated_at": "2025-03-18T21:26:36.768Z"}}, {"model": "container.clockrecord", "pk": 6, "fields": {"employee_name": 1, "date": "2025-03-15", "weekday": 5, "morning_in": null, "morning_out": null, "afternoon_in": null, "afternoon_out": null, "evening_in": null, "evening_out": null, "total_hours": "0.00", "created_at": "2025-03-18T21:03:18.606Z", "updated_at": "2025-03-18T21:26:36.769Z"}}, {"model": "container.clockrecord", "pk": 7, "fields": {"employee_name": 1, "date": "2025-03-16", "weekday": 6, "morning_in": null, "morning_out": null, "afternoon_in": null, "afternoon_out": null, "evening_in": null, "evening_out": null, "total_hours": "0.00", "created_at": "2025-03-18T21:03:18.610Z", "updated_at": "2025-03-18T21:26:36.770Z"}}, {"model": "container.clockrecord", "pk": 8, "fields": {"employee_name": 2, "date": "2025-03-18", "weekday": 1, "morning_in": "09:00:00", "morning_out": "12:00:00", "afternoon_in": "13:00:00", "afternoon_out": "18:00:00", "evening_in": null, "evening_out": null, "total_hours": "8.00", "created_at": "2025-03-18T21:45:39.460Z", "updated_at": "2025-03-18T21:45:39.460Z"}}, {"model": "container.clockrecord", "pk": 9, "fields": {"employee_name": 2, "date": "2025-03-10", "weekday": 0, "morning_in": "08:00:00", "morning_out": "17:00:00", "afternoon_in": null, "afternoon_out": null, "evening_in": null, "evening_out": null, "total_hours": "9.00", "created_at": "2025-03-19T03:07:22.850Z", "updated_at": "2025-03-19T03:11:14.572Z"}}, {"model": "container.clockrecord", "pk": 10, "fields": {"employee_name": 2, "date": "2025-03-11", "weekday": 1, "morning_in": "08:00:00", "morning_out": "18:00:00", "afternoon_in": null, "afternoon_out": null, "evening_in": null, "evening_out": null, "total_hours": "10.00", "created_at": "2025-03-19T03:11:14.580Z", "updated_at": "2025-03-19T03:11:14.580Z"}}, {"model": "container.clockrecord", "pk": 11, "fields": {"employee_name": 2, "date": "2025-03-12", "weekday": 2, "morning_in": null, "morning_out": null, "afternoon_in": null, "afternoon_out": null, "evening_in": null, "evening_out": null, "total_hours": "0.00", "created_at": "2025-03-19T03:11:14.583Z", "updated_at": "2025-03-19T03:11:14.583Z"}}, {"model": "container.clockrecord", "pk": 12, "fields": {"employee_name": 2, "date": "2025-03-13", "weekday": 3, "morning_in": null, "morning_out": null, "afternoon_in": null, "afternoon_out": null, "evening_in": null, "evening_out": null, "total_hours": "0.00", "created_at": "2025-03-19T03:11:14.584Z", "updated_at": "2025-03-19T03:11:14.584Z"}}, {"model": "container.clockrecord", "pk": 13, "fields": {"employee_name": 2, "date": "2025-03-14", "weekday": 4, "morning_in": null, "morning_out": null, "afternoon_in": null, "afternoon_out": null, "evening_in": null, "evening_out": null, "total_hours": "0.00", "created_at": "2025-03-19T03:11:14.586Z", "updated_at": "2025-03-19T03:11:14.586Z"}}, {"model": "container.clockrecord", "pk": 14, "fields": {"employee_name": 2, "date": "2025-03-15", "weekday": 5, "morning_in": null, "morning_out": null, "afternoon_in": null, "afternoon_out": null, "evening_in": null, "evening_out": null, "total_hours": "0.00", "created_at": "2025-03-19T03:11:14.587Z", "updated_at": "2025-03-19T03:11:14.587Z"}}, {"model": "container.clockrecord", "pk": 15, "fields": {"employee_name": 2, "date": "2025-03-16", "weekday": 6, "morning_in": null, "morning_out": null, "afternoon_in": null, "afternoon_out": null, "evening_in": null, "evening_out": null, "total_hours": "0.00", "created_at": "2025-03-19T03:11:14.589Z", "updated_at": "2025-03-19T03:11:14.589Z"}}, {"model": "container.clockrecord", "pk": 16, "fields": {"employee_name": 3, "date": "2025-03-10", "weekday": 0, "morning_in": "08:00:00", "morning_out": "15:00:00", "afternoon_in": null, "afternoon_out": null, "evening_in": null, "evening_out": null, "total_hours": "7.00", "created_at": "2025-03-19T03:12:57.797Z", "updated_at": "2025-03-19T03:12:57.797Z"}}, {"model": "container.clockrecord", "pk": 17, "fields": {"employee_name": 4, "date": "2025-03-10", "weekday": 0, "morning_in": "08:00:00", "morning_out": "16:00:00", "afternoon_in": null, "afternoon_out": null, "evening_in": null, "evening_out": null, "total_hours": "8.00", "created_at": "2025-03-19T03:13:38.917Z", "updated_at": "2025-03-19T04:01:18.055Z"}}, {"model": "container.clockrecord", "pk": 18, "fields": {"employee_name": 4, "date": "2025-03-11", "weekday": 1, "morning_in": "09:10:00", "morning_out": "12:05:00", "afternoon_in": null, "afternoon_out": null, "evening_in": null, "evening_out": null, "total_hours": "2.92", "created_at": "2025-03-19T04:01:18.058Z", "updated_at": "2025-03-19T04:01:18.058Z"}}, {"model": "container.clockrecord", "pk": 19, "fields": {"employee_name": 4, "date": "2025-03-12", "weekday": 2, "morning_in": null, "morning_out": null, "afternoon_in": null, "afternoon_out": null, "evening_in": null, "evening_out": null, "total_hours": "0.00", "created_at": "2025-03-19T04:01:18.061Z", "updated_at": "2025-03-19T04:01:18.061Z"}}, {"model": "container.clockrecord", "pk": 20, "fields": {"employee_name": 4, "date": "2025-03-13", "weekday": 3, "morning_in": null, "morning_out": null, "afternoon_in": null, "afternoon_out": null, "evening_in": null, "evening_out": null, "total_hours": "0.00", "created_at": "2025-03-19T04:01:18.063Z", "updated_at": "2025-03-19T04:01:18.063Z"}}, {"model": "container.clockrecord", "pk": 21, "fields": {"employee_name": 4, "date": "2025-03-14", "weekday": 4, "morning_in": null, "morning_out": null, "afternoon_in": null, "afternoon_out": null, "evening_in": null, "evening_out": null, "total_hours": "0.00", "created_at": "2025-03-19T04:01:18.065Z", "updated_at": "2025-03-19T04:01:18.065Z"}}, {"model": "container.clockrecord", "pk": 22, "fields": {"employee_name": 4, "date": "2025-03-15", "weekday": 5, "morning_in": null, "morning_out": null, "afternoon_in": null, "afternoon_out": null, "evening_in": null, "evening_out": null, "total_hours": "0.00", "created_at": "2025-03-19T04:01:18.067Z", "updated_at": "2025-03-19T04:01:18.067Z"}}, {"model": "container.clockrecord", "pk": 23, "fields": {"employee_name": 4, "date": "2025-03-16", "weekday": 6, "morning_in": null, "morning_out": null, "afternoon_in": null, "afternoon_out": null, "evening_in": null, "evening_out": null, "total_hours": "0.00", "created_at": "2025-03-19T04:01:18.069Z", "updated_at": "2025-03-19T04:01:18.069Z"}}, {"model": "container.clockrecord", "pk": 24, "fields": {"employee_name": 22, "date": "2025-03-10", "weekday": 0, "morning_in": "08:00:00", "morning_out": "12:00:00", "afternoon_in": null, "afternoon_out": null, "evening_in": null, "evening_out": null, "total_hours": "4.00", "created_at": "2025-03-19T04:04:51.205Z", "updated_at": "2025-03-19T04:04:51.205Z"}}, {"model": "container.clockrecord", "pk": 25, "fields": {"employee_name": 21, "date": "2025-03-10", "weekday": 0, "morning_in": "08:00:00", "morning_out": "15:00:00", "afternoon_in": null, "afternoon_out": null, "evening_in": null, "evening_out": null, "total_hours": "7.00", "created_at": "2025-03-19T04:05:13.845Z", "updated_at": "2025-03-19T04:05:13.845Z"}}, {"model": "container.clockrecord", "pk": 26, "fields": {"employee_name": 21, "date": "2025-03-11", "weekday": 1, "morning_in": "08:00:00", "morning_out": "16:00:00", "afternoon_in": null, "afternoon_out": null, "evening_in": null, "evening_out": null, "total_hours": "8.00", "created_at": "2025-03-19T04:05:13.847Z", "updated_at": "2025-03-19T04:05:13.847Z"}}, {"model": "container.clockrecord", "pk": 27, "fields": {"employee_name": 25, "date": "2025-03-10", "weekday": 0, "morning_in": "08:00:00", "morning_out": "15:00:00", "afternoon_in": null, "afternoon_out": null, "evening_in": null, "evening_out": null, "total_hours": "7.00", "created_at": "2025-03-19T04:05:35.670Z", "updated_at": "2025-03-19T04:05:35.670Z"}}, {"model": "container.employee", "pk": 1, "fields": {"name": "Jing Li", "belongTo": "GoldenFeather"}}, {"model": "container.employee", "pk": 2, "fields": {"name": "Maria T Ochoa", "belongTo": "GoldenFeather"}}, {"model": "container.employee", "pk": 3, "fields": {"name": "Kaitlyn Rodriguez", "belongTo": "GoldenFeather"}}, {"model": "container.employee", "pk": 4, "fields": {"name": "Ava Zeng", "belongTo": "GoldenFeather"}}, {"model": "container.employee", "pk": 5, "fields": {"name": "Ellie Xu", "belongTo": "GoldenFeather"}}, {"model": "container.employee", "pk": 6, "fields": {"name": "Adam Chu", "belongTo": "GoldenFeather"}}, {"model": "container.employee", "pk": 7, "fields": {"name": "Irene Moreno", "belongTo": "GoldenFeather"}}, {"model": "container.employee", "pk": 8, "fields": {"name": "Cesar Martinez", "belongTo": "GoldenFeather"}}, {"model": "container.employee", "pk": 9, "fields": {"name": "Alfredo Garcia Hernandez", "belongTo": "GoldenFeather"}}, {"model": "container.employee", "pk": 10, "fields": {"name": "Alexander Salas Guzman", "belongTo": "GoldenFeather"}}, {"model": "container.employee", "pk": 11, "fields": {"name": "Omar Dominguez", "belongTo": "GoldenFeather"}}, {"model": "container.employee", "pk": 12, "fields": {"name": "Eric Oliver Flores", "belongTo": "GoldenFeather"}}, {"model": "container.employee", "pk": 13, "fields": {"name": "Tomas Lobato", "belongTo": "GoldenFeather"}}, {"model": "container.employee", "pk": 14, "fields": {"name": "RICARDO BERMUDEZ", "belongTo": "GoldenFeather"}}, {"model": "container.employee", "pk": 15, "fields": {"name": "JESUS LOBATO", "belongTo": "GoldenFeather"}}, {"model": "container.employee", "pk": 16, "fields": {"name": "MANUEL SALAS", "belongTo": "GoldenFeather"}}, {"model": "container.employee", "pk": 17, "fields": {"name": "Constantino Lobato", "belongTo": "GoldenFeather"}}, {"model": "container.employee", "pk": 18, "fields": {"name": "YONI MOLALES", "belongTo": "GoldenFeather"}}, {"model": "container.employee", "pk": 19, "fields": {"name": "EDI HERNANDEZ", "belongTo": "GoldenFeather"}}, {"model": "container.employee", "pk": 20, "fields": {"name": "URIEL GUZMAN", "belongTo": "GoldenFeather"}}, {"model": "container.employee", "pk": 21, "fields": {"name": "Zijie Qiu-Steve", "belongTo": "Aline"}}, {"model": "container.employee", "pk": 22, "fields": {"name": "Lei Zhai-Jerry", "belongTo": "Aline"}}, {"model": "container.employee", "pk": 23, "fields": {"name": "Cecilia Oliver", "belongTo": "Rimei"}}, {"model": "container.employee", "pk": 24, "fields": {"name": "Adriana Solorzano", "belongTo": "Rimei"}}, {"model": "container.employee", "pk": 25, "fields": {"name": "Noe Fernandez", "belongTo": "Rimei"}}, {"model": "container.logisticscompany", "pk": 1, "fields": {"name": "Advance77"}}, {"model": "container.logisticscompany", "pk": 2, "fields": {"name": "W84"}}, {"model": "container.logisticscompany", "pk": 3, "fields": {"name": "Axis"}}, {"model": "admin.logentry", "pk": 1, "fields": {"action_time": "2025-03-07T17:47:24.184Z", "user": 1, "content_type": 11, "object_id": "1", "object_repr": "MCLANE FOODSERVICE", "action_flag": 1, "change_message": "[{\"added\": {}}]"}}, {"model": "admin.logentry", "pk": 2, "fields": {"action_time": "2025-03-07T17:47:43.113Z", "user": 1, "content_type": 11, "object_id": "2", "object_repr": "BUNZL HOLDINGS, INC.", "action_flag": 1, "change_message": "[{\"added\": {}}]"}}, {"model": "admin.logentry", "pk": 3, "fields": {"action_time": "2025-03-07T17:47:58.169Z", "user": 1, "content_type": 11, "object_id": "3", "object_repr": "Omar Sample", "action_flag": 1, "change_message": "[{\"added\": {}}]"}}, {"model": "admin.logentry", "pk": 4, "fields": {"action_time": "2025-03-07T17:48:12.917Z", "user": 1, "content_type": 11, "object_id": "4", "object_repr": "DARDEN DIRECT DIST.", "action_flag": 1, "change_message": "[{\"added\": {}}]"}}, {"model": "admin.logentry", "pk": 5, "fields": {"action_time": "2025-03-07T17:48:35.596Z", "user": 1, "content_type": 11, "object_id": "5", "object_repr": "Office Depot", "action_flag": 1, "change_message": "[{\"added\": {}}]"}}, {"model": "admin.logentry", "pk": 6, "fields": {"action_time": "2025-03-07T17:49:03.680Z", "user": 1, "content_type": 11, "object_id": "6", "object_repr": "Armada", "action_flag": 1, "change_message": "[{\"added\": {}}]"}}, {"model": "admin.logentry", "pk": 7, "fields": {"action_time": "2025-03-07T17:49:25.017Z", "user": 1, "content_type": 11, "object_id": "7", "object_repr": "REINHART FOODSERVICE", "action_flag": 1, "change_message": "[{\"added\": {}}]"}}, {"model": "admin.logentry", "pk": 8, "fields": {"action_time": "2025-03-07T19:56:28.785Z", "user": 1, "content_type": 11, "object_id": "8", "object_repr": "HAVI GLOBAL SOLUTIONS LLC", "action_flag": 1, "change_message": "[{\"added\": {}}]"}}, {"model": "admin.logentry", "pk": 9, "fields": {"action_time": "2025-03-07T20:01:05.789Z", "user": 1, "content_type": 11, "object_id": "9", "object_repr": "PFG Customized Dist", "action_flag": 1, "change_message": "[{\"added\": {}}]"}}, {"model": "admin.logentry", "pk": 10, "fields": {"action_time": "2025-03-07T21:04:56.739Z", "user": 1, "content_type": 11, "object_id": "10", "object_repr": "FedEx Ground", "action_flag": 1, "change_message": "[{\"added\": {}}]"}}, {"model": "admin.logentry", "pk": 11, "fields": {"action_time": "2025-03-08T04:52:43.167Z", "user": 1, "content_type": 1, "object_id": "4", "object_repr": "", "action_flag": 3, "change_message": ""}}, {"model": "admin.logentry", "pk": 12, "fields": {"action_time": "2025-03-08T04:52:51.260Z", "user": 1, "content_type": 1, "object_id": "3", "object_repr": "", "action_flag": 3, "change_message": ""}}, {"model": "admin.logentry", "pk": 13, "fields": {"action_time": "2025-03-08T05:03:54.810Z", "user": 1, "content_type": 1, "object_id": "6", "object_repr": "", "action_flag": 3, "change_message": ""}}, {"model": "admin.logentry", "pk": 14, "fields": {"action_time": "2025-03-08T05:03:59.064Z", "user": 1, "content_type": 1, "object_id": "5", "object_repr": "", "action_flag": 3, "change_message": ""}}, {"model": "admin.logentry", "pk": 15, "fields": {"action_time": "2025-03-09T04:01:10.739Z", "user": 1, "content_type": 2, "object_id": "1", "object_repr": "Container", "action_flag": 1, "change_message": "[{\"added\": {}}]"}}, {"model": "admin.logentry", "pk": 16, "fields": {"action_time": "2025-03-09T04:01:18.501Z", "user": 1, "content_type": 2, "object_id": "2", "object_repr": "Invoice", "action_flag": 1, "change_message": "[{\"added\": {}}]"}}, {"model": "admin.logentry", "pk": 17, "fields": {"action_time": "2025-03-09T04:01:25.589Z", "user": 1, "content_type": 2, "object_id": "3", "object_repr": "Payment", "action_flag": 1, "change_message": "[{\"added\": {}}]"}}, {"model": "admin.logentry", "pk": 18, "fields": {"action_time": "2025-03-09T04:01:47.389Z", "user": 1, "content_type": 2, "object_id": "4", "object_repr": "Permission", "action_flag": 1, "change_message": "[{\"added\": {}}]"}}, {"model": "admin.logentry", "pk": 19, "fields": {"action_time": "2025-03-09T04:01:59.437Z", "user": 1, "content_type": 2, "object_id": "5", "object_repr": "RiMeiOrder", "action_flag": 1, "change_message": "[{\"added\": {}}]"}}, {"model": "admin.logentry", "pk": 20, "fields": {"action_time": "2025-03-09T04:02:54.833Z", "user": 1, "content_type": 1, "object_id": "2", "object_repr": "", "action_flag": 2, "change_message": "[{\"changed\": {\"fields\": [\"Invoice id\"]}}]"}}, {"model": "admin.logentry", "pk": 21, "fields": {"action_time": "2025-03-09T04:03:00.770Z", "user": 1, "content_type": 1, "object_id": "1", "object_repr": "", "action_flag": 2, "change_message": "[{\"changed\": {\"fields\": [\"Invoice id\"]}}]"}}, {"model": "admin.logentry", "pk": 22, "fields": {"action_time": "2025-03-09T04:59:59.533Z", "user": 1, "content_type": 1, "object_id": "3", "object_repr": "", "action_flag": 3, "change_message": ""}}, {"model": "admin.logentry", "pk": 23, "fields": {"action_time": "2025-03-09T05:02:25.839Z", "user": 1, "content_type": 1, "object_id": "4", "object_repr": "", "action_flag": 3, "change_message": ""}}, {"model": "admin.logentry", "pk": 24, "fields": {"action_time": "2025-03-09T05:02:57.294Z", "user": 1, "content_type": 1, "object_id": "1", "object_repr": "", "action_flag": 2, "change_message": "[{\"changed\": {\"fields\": [\"Invoice id\"]}}]"}}, {"model": "admin.logentry", "pk": 25, "fields": {"action_time": "2025-03-09T05:15:55.240Z", "user": 1, "content_type": 13, "object_id": "1", "object_repr": "BTS5", "action_flag": 1, "change_message": "[{\"added\": {}}]"}}, {"model": "admin.logentry", "pk": 26, "fields": {"action_time": "2025-03-09T05:16:01.295Z", "user": 1, "content_type": 13, "object_id": "2", "object_repr": "Aline", "action_flag": 1, "change_message": "[{\"added\": {}}]"}}, {"model": "admin.logentry", "pk": 27, "fields": {"action_time": "2025-03-09T05:16:16.461Z", "user": 1, "content_type": 13, "object_id": "3", "object_repr": "Skyline", "action_flag": 1, "change_message": "[{\"added\": {}}]"}}, {"model": "admin.logentry", "pk": 28, "fields": {"action_time": "2025-03-09T05:16:38.263Z", "user": 1, "content_type": 13, "object_id": "4", "object_repr": "Rimei", "action_flag": 1, "change_message": "[{\"added\": {}}]"}}, {"model": "admin.logentry", "pk": 29, "fields": {"action_time": "2025-03-13T17:00:56.284Z", "user": 1, "content_type": 17, "object_id": "1", "object_repr": "Jing Li", "action_flag": 1, "change_message": "[{\"added\": {}}]"}}, {"model": "admin.logentry", "pk": 30, "fields": {"action_time": "2025-03-13T18:15:46.479Z", "user": 1, "content_type": 17, "object_id": "2", "object_repr": "Maria Tochoa", "action_flag": 1, "change_message": "[{\"added\": {}}]"}}, {"model": "admin.logentry", "pk": 31, "fields": {"action_time": "2025-03-13T19:17:18.952Z", "user": 1, "content_type": 13, "object_id": "5", "object_repr": "OMAR SP", "action_flag": 1, "change_message": "[{\"added\": {}}]"}}, {"model": "admin.logentry", "pk": 32, "fields": {"action_time": "2025-03-13T19:17:29.089Z", "user": 1, "content_type": 13, "object_id": "6", "object_repr": "OMAR TK", "action_flag": 1, "change_message": "[{\"added\": {}}]"}}, {"model": "admin.logentry", "pk": 33, "fields": {"action_time": "2025-03-13T19:17:48.238Z", "user": 1, "content_type": 13, "object_id": "7", "object_repr": "SHIPTECH", "action_flag": 1, "change_message": "[{\"added\": {}}]"}}, {"model": "admin.logentry", "pk": 34, "fields": {"action_time": "2025-03-13T19:20:27.773Z", "user": 1, "content_type": 18, "object_id": "1", "object_repr": "Advance77", "action_flag": 1, "change_message": "[{\"added\": {}}]"}}, {"model": "admin.logentry", "pk": 35, "fields": {"action_time": "2025-03-13T19:20:33.920Z", "user": 1, "content_type": 18, "object_id": "2", "object_repr": "W84", "action_flag": 1, "change_message": "[{\"added\": {}}]"}}, {"model": "admin.logentry", "pk": 36, "fields": {"action_time": "2025-03-13T19:20:39.145Z", "user": 1, "content_type": 18, "object_id": "3", "object_repr": "Axis", "action_flag": 1, "change_message": "[{\"added\": {}}]"}}, {"model": "admin.logentry", "pk": 37, "fields": {"action_time": "2025-03-13T19:28:53.418Z", "user": 1, "content_type": 16, "object_id": "4", "object_repr": "ClockRecord object (4)", "action_flag": 3, "change_message": ""}}, {"model": "admin.logentry", "pk": 38, "fields": {"action_time": "2025-03-13T19:28:57.513Z", "user": 1, "content_type": 16, "object_id": "5", "object_repr": "ClockRecord object (5)", "action_flag": 3, "change_message": ""}}, {"model": "admin.logentry", "pk": 39, "fields": {"action_time": "2025-03-13T19:29:01.492Z", "user": 1, "content_type": 16, "object_id": "3", "object_repr": "ClockRecord object (3)", "action_flag": 3, "change_message": ""}}, {"model": "admin.logentry", "pk": 40, "fields": {"action_time": "2025-03-13T19:29:05.501Z", "user": 1, "content_type": 16, "object_id": "1", "object_repr": "ClockRecord object (1)", "action_flag": 3, "change_message": ""}}, {"model": "admin.logentry", "pk": 41, "fields": {"action_time": "2025-03-13T19:29:09.294Z", "user": 1, "content_type": 16, "object_id": "2", "object_repr": "ClockRecord object (2)", "action_flag": 3, "change_message": ""}}, {"model": "admin.logentry", "pk": 42, "fields": {"action_time": "2025-03-15T02:42:24.882Z", "user": 1, "content_type": 15, "object_id": "59", "object_repr": "TLUB-67524", "action_flag": 2, "change_message": "[{\"changed\": {\"fields\": [\"Shortname\"]}}]"}}, {"model": "admin.logentry", "pk": 43, "fields": {"action_time": "2025-03-15T02:42:32.152Z", "user": 1, "content_type": 15, "object_id": "58", "object_repr": "TLRU-1113", "action_flag": 2, "change_message": "[{\"changed\": {\"fields\": [\"Shortname\"]}}]"}}, {"model": "admin.logentry", "pk": 44, "fields": {"action_time": "2025-03-15T02:42:38.901Z", "user": 1, "content_type": 15, "object_id": "57", "object_repr": "TLRB-1113", "action_flag": 3, "change_message": ""}}, {"model": "admin.logentry", "pk": 45, "fields": {"action_time": "2025-03-15T02:42:44.542Z", "user": 1, "content_type": 15, "object_id": "56", "object_repr": "TLRB-0610", "action_flag": 2, "change_message": "[{\"changed\": {\"fields\": [\"Shortname\"]}}]"}}, {"model": "admin.logentry", "pk": 46, "fields": {"action_time": "2025-03-15T02:42:50.270Z", "user": 1, "content_type": 15, "object_id": "55", "object_repr": "TLESIM-3-2433", "action_flag": 2, "change_message": "[{\"changed\": {\"fields\": [\"Shortname\"]}}]"}}, {"model": "admin.logentry", "pk": 47, "fields": {"action_time": "2025-03-15T02:42:56.309Z", "user": 1, "content_type": 15, "object_id": "54", "object_repr": "TLESIM-3-0705", "action_flag": 2, "change_message": "[{\"changed\": {\"fields\": [\"Shortname\"]}}]"}}, {"model": "admin.logentry", "pk": 48, "fields": {"action_time": "2025-03-15T02:43:01.839Z", "user": 1, "content_type": 15, "object_id": "53", "object_repr": "TLESIM-2-1824", "action_flag": 2, "change_message": "[{\"changed\": {\"fields\": [\"Shortname\"]}}]"}}, {"model": "admin.logentry", "pk": 49, "fields": {"action_time": "2025-03-15T02:43:07.162Z", "user": 1, "content_type": 15, "object_id": "52", "object_repr": "TLESIM-2-1016", "action_flag": 2, "change_message": "[{\"changed\": {\"fields\": [\"Shortname\"]}}]"}}, {"model": "admin.logentry", "pk": 50, "fields": {"action_time": "2025-03-15T02:43:21.503Z", "user": 1, "content_type": 15, "object_id": "51", "object_repr": "TCL-2.8-484275", "action_flag": 2, "change_message": "[{\"changed\": {\"fields\": [\"Shortname\"]}}]"}}, {"model": "admin.logentry", "pk": 51, "fields": {"action_time": "2025-03-15T02:43:27.448Z", "user": 1, "content_type": 15, "object_id": "50", "object_repr": "TCB45-16-4348", "action_flag": 2, "change_message": "[{\"changed\": {\"fields\": [\"Shortname\"]}}]"}}, {"model": "admin.logentry", "pk": 52, "fields": {"action_time": "2025-03-15T02:43:34.402Z", "user": 1, "content_type": 15, "object_id": "48", "object_repr": "TC45-4248-CPST", "action_flag": 2, "change_message": "[{\"changed\": {\"fields\": [\"Shortname\"]}}]"}}, {"model": "admin.logentry", "pk": 53, "fields": {"action_time": "2025-03-15T02:43:39.931Z", "user": 1, "content_type": 15, "object_id": "49", "object_repr": "TC60-22-3860", "action_flag": 2, "change_message": "[{\"changed\": {\"fields\": [\"Shortname\"]}}]"}}, {"model": "admin.logentry", "pk": 54, "fields": {"action_time": "2025-03-15T02:43:45.973Z", "user": 1, "content_type": 15, "object_id": "47", "object_repr": "TC45-16-4348", "action_flag": 2, "change_message": "[{\"changed\": {\"fields\": [\"Shortname\"]}}]"}}, {"model": "admin.logentry", "pk": 55, "fields": {"action_time": "2025-03-15T02:44:36.460Z", "user": 1, "content_type": 15, "object_id": "46", "object_repr": "TC30-8-3037", "action_flag": 2, "change_message": "[{\"changed\": {\"fields\": [\"Shortname\"]}}]"}}, {"model": "admin.logentry", "pk": 56, "fields": {"action_time": "2025-03-15T02:44:41.885Z", "user": 1, "content_type": 15, "object_id": "45", "object_repr": "TC10-6-2424", "action_flag": 2, "change_message": "[{\"changed\": {\"fields\": [\"Shortname\"]}}]"}}, {"model": "admin.logentry", "pk": 57, "fields": {"action_time": "2025-03-15T02:44:48.337Z", "user": 1, "content_type": 15, "object_id": "44", "object_repr": "KLT1009 Kant Leak Tray", "action_flag": 2, "change_message": "[{\"changed\": {\"fields\": [\"Shortname\"]}}]"}}, {"model": "admin.logentry", "pk": 58, "fields": {"action_time": "2025-03-15T02:44:54.992Z", "user": 1, "content_type": 15, "object_id": "43", "object_repr": "CAN4042 CAN LINER 40X42\"", "action_flag": 2, "change_message": "[{\"changed\": {\"fields\": [\"Shortname\"]}}]"}}, {"model": "admin.logentry", "pk": 59, "fields": {"action_time": "2025-03-15T02:45:01.226Z", "user": 1, "content_type": 15, "object_id": "42", "object_repr": "CAN3860 CAN LINER 38X60\" NATURAL HDPE", "action_flag": 2, "change_message": "[{\"changed\": {\"fields\": [\"Shortname\"]}}]"}}, {"model": "admin.logentry", "pk": 60, "fields": {"action_time": "2025-03-15T02:45:07.288Z", "user": 1, "content_type": 15, "object_id": "41", "object_repr": "CAN3746 CAN LINER 37X46\" NATURAL HDPE", "action_flag": 2, "change_message": "[{\"changed\": {\"fields\": [\"Shortname\"]}}]"}}, {"model": "admin.logentry", "pk": 61, "fields": {"action_time": "2025-03-15T02:45:12.605Z", "user": 1, "content_type": 15, "object_id": "40", "object_repr": "CAN3339 CAN LINER 33X39\" NATURAL HDPE", "action_flag": 2, "change_message": "[{\"changed\": {\"fields\": [\"Shortname\"]}}]"}}, {"model": "admin.logentry", "pk": 62, "fields": {"action_time": "2025-03-15T02:45:19.165Z", "user": 1, "content_type": 15, "object_id": "39", "object_repr": "CAN1718 CAN LINER 17X18\" NATURAL HDPE", "action_flag": 2, "change_message": "[{\"changed\": {\"fields\": [\"Shortname\"]}}]"}}, {"model": "admin.logentry", "pk": 63, "fields": {"action_time": "2025-03-15T02:45:26.634Z", "user": 1, "content_type": 15, "object_id": "38", "object_repr": "CAN 4347 CAN LINER 43X47\" NATURAL HDPE", "action_flag": 2, "change_message": "[{\"changed\": {\"fields\": [\"Shortname\"]}}]"}}, {"model": "admin.logentry", "pk": 64, "fields": {"action_time": "2025-03-15T02:45:35.235Z", "user": 1, "content_type": 15, "object_id": "38", "object_repr": "CAN 4347 CAN LINER 43X47\" NATURAL HDPE", "action_flag": 2, "change_message": "[{\"changed\": {\"fields\": [\"Shortname\"]}}]"}}, {"model": "admin.logentry", "pk": 65, "fields": {"action_time": "2025-03-15T02:45:50.693Z", "user": 1, "content_type": 15, "object_id": "37", "object_repr": "8505 X-LARGE YELLOW POWDERED VINYL FOOD HANDLING GLOVES", "action_flag": 2, "change_message": "[{\"changed\": {\"fields\": [\"Shortname\"]}}]"}}, {"model": "admin.logentry", "pk": 66, "fields": {"action_time": "2025-03-15T02:46:47.230Z", "user": 1, "content_type": 15, "object_id": "36", "object_repr": "8504/L YELLOW POWDERED VINYL FOOD HANDLING GLOVE", "action_flag": 2, "change_message": "[{\"changed\": {\"fields\": [\"Shortname\"]}}]"}}, {"model": "admin.logentry", "pk": 67, "fields": {"action_time": "2025-03-15T02:47:08.114Z", "user": 1, "content_type": 15, "object_id": "35", "object_repr": "8503 (Y-M) DISPOSABLE VINYL GLOVES CLEAR", "action_flag": 2, "change_message": "[{\"changed\": {\"fields\": [\"Shortname\"]}}]"}}, {"model": "admin.logentry", "pk": 68, "fields": {"action_time": "2025-03-15T02:47:19.170Z", "user": 1, "content_type": 15, "object_id": "34", "object_repr": "8502 SMALL YELLOW POWDERED VINYL FOOD HANDLING GLOVES", "action_flag": 2, "change_message": "[{\"changed\": {\"fields\": [\"Shortname\"]}}]"}}, {"model": "admin.logentry", "pk": 69, "fields": {"action_time": "2025-03-15T02:47:26.246Z", "user": 1, "content_type": 15, "object_id": "33", "object_repr": "76506 HYBRID POLY GLOVES XXL", "action_flag": 2, "change_message": "[{\"changed\": {\"fields\": [\"Shortname\"]}}]"}}, {"model": "admin.logentry", "pk": 70, "fields": {"action_time": "2025-03-15T02:47:32.594Z", "user": 1, "content_type": 15, "object_id": "32", "object_repr": "76505 HYBRID POLY GLOVES XL", "action_flag": 2, "change_message": "[{\"changed\": {\"fields\": [\"Shortname\"]}}]"}}, {"model": "admin.logentry", "pk": 71, "fields": {"action_time": "2025-03-15T02:47:38.936Z", "user": 1, "content_type": 15, "object_id": "31", "object_repr": "76504 HYBRID POLY GLOVES L", "action_flag": 2, "change_message": "[{\"changed\": {\"fields\": [\"Shortname\"]}}]"}}, {"model": "admin.logentry", "pk": 72, "fields": {"action_time": "2025-03-15T02:47:45.913Z", "user": 1, "content_type": 15, "object_id": "30", "object_repr": "76503 HYBRID POLY GLOVES M", "action_flag": 2, "change_message": "[{\"changed\": {\"fields\": [\"Shortname\"]}}]"}}, {"model": "admin.logentry", "pk": 73, "fields": {"action_time": "2025-03-15T02:47:52.446Z", "user": 1, "content_type": 15, "object_id": "29", "object_repr": "76502 HYBRID POLY GLOVES S", "action_flag": 2, "change_message": "[{\"changed\": {\"fields\": [\"Shortname\"]}}]"}}, {"model": "admin.logentry", "pk": 74, "fields": {"action_time": "2025-03-15T02:48:03.407Z", "user": 1, "content_type": 15, "object_id": "28", "object_repr": "7505 X-LARGE CLEAR POWDERED VINYL FOOD HANDLING GLOVES", "action_flag": 2, "change_message": "[{\"changed\": {\"fields\": [\"Shortname\"]}}]"}}, {"model": "admin.logentry", "pk": 75, "fields": {"action_time": "2025-03-15T02:48:14.770Z", "user": 1, "content_type": 15, "object_id": "27", "object_repr": "7504 (C-L) DISPOSABLE VINYL GLOVES CLEAR", "action_flag": 2, "change_message": "[{\"changed\": {\"fields\": [\"Shortname\"]}}]"}}, {"model": "admin.logentry", "pk": 76, "fields": {"action_time": "2025-03-15T02:48:24.505Z", "user": 1, "content_type": 15, "object_id": "26", "object_repr": "7503 MEDIUM CLEAR POWDERED VINYL GLOVE", "action_flag": 2, "change_message": "[{\"changed\": {\"fields\": [\"Shortname\"]}}]"}}, {"model": "admin.logentry", "pk": 77, "fields": {"action_time": "2025-03-15T02:48:34.537Z", "user": 1, "content_type": 15, "object_id": "25", "object_repr": "7502 (C-M) DISPOSABLE VINYL GLOVEAS CLEAR", "action_flag": 2, "change_message": "[{\"changed\": {\"fields\": [\"Shortname\"]}}]"}}, {"model": "admin.logentry", "pk": 78, "fields": {"action_time": "2025-03-15T02:48:55.013Z", "user": 1, "content_type": 15, "object_id": "24", "object_repr": "5216 XXL Omar Disposable Vinyl Glove Powder Free", "action_flag": 2, "change_message": "[{\"changed\": {\"fields\": [\"Shortname\"]}}]"}}, {"model": "admin.logentry", "pk": 79, "fields": {"action_time": "2025-03-15T02:49:02.188Z", "user": 1, "content_type": 15, "object_id": "23", "object_repr": "5215  XLARGE Omar Disposable Vinyl Glove Powder Free", "action_flag": 2, "change_message": "[{\"changed\": {\"fields\": [\"Name\", \"Shortname\"]}}]"}}, {"model": "admin.logentry", "pk": 80, "fields": {"action_time": "2025-03-15T02:49:09.778Z", "user": 1, "content_type": 15, "object_id": "22", "object_repr": "5214 LARGE Omar Disposable Vinyl Glove Powder Free", "action_flag": 2, "change_message": "[{\"changed\": {\"fields\": [\"Name\", \"Shortname\"]}}]"}}, {"model": "admin.logentry", "pk": 81, "fields": {"action_time": "2025-03-15T02:49:16.522Z", "user": 1, "content_type": 15, "object_id": "21", "object_repr": "5213 MEDIUM Omar Disposable Vinyl Glove Powder Free", "action_flag": 2, "change_message": "[{\"changed\": {\"fields\": [\"Name\", \"Shortname\"]}}]"}}, {"model": "admin.logentry", "pk": 82, "fields": {"action_time": "2025-03-15T02:49:22.470Z", "user": 1, "content_type": 15, "object_id": "20", "object_repr": "5212 SMALL Omar Disposable Vinyl Glove Powder Free", "action_flag": 2, "change_message": "[{\"changed\": {\"fields\": [\"Shortname\"]}}]"}}, {"model": "admin.logentry", "pk": 83, "fields": {"action_time": "2025-03-15T02:49:34.051Z", "user": 1, "content_type": 15, "object_id": "19", "object_repr": "3-PLY EARLOOP FACE MASK 50PCS/BOX", "action_flag": 2, "change_message": "[{\"changed\": {\"fields\": [\"Shortname\"]}}]"}}, {"model": "admin.logentry", "pk": 84, "fields": {"action_time": "2025-03-15T02:49:41.944Z", "user": 1, "content_type": 15, "object_id": "18", "object_repr": "2920/XXL DISPOSABLE BLUE NITRILE EXAM GLOVES XXL", "action_flag": 2, "change_message": "[{\"changed\": {\"fields\": [\"Shortname\"]}}]"}}, {"model": "admin.logentry", "pk": 85, "fields": {"action_time": "2025-03-15T02:49:48.572Z", "user": 1, "content_type": 15, "object_id": "17", "object_repr": "2920/XS DISPOSABLE BLUE NITRILE EXAM GLOVE XS", "action_flag": 2, "change_message": "[{\"changed\": {\"fields\": [\"Shortname\"]}}]"}}, {"model": "admin.logentry", "pk": 86, "fields": {"action_time": "2025-03-15T02:49:56.364Z", "user": 1, "content_type": 15, "object_id": "16", "object_repr": "2920/XL DISPOSABLE BLUE NITRILE EXAM GLOVES", "action_flag": 2, "change_message": "[{\"changed\": {\"fields\": [\"Shortname\"]}}]"}}, {"model": "admin.logentry", "pk": 87, "fields": {"action_time": "2025-03-15T02:50:05.777Z", "user": 1, "content_type": 15, "object_id": "15", "object_repr": "2920/X DISPOSABLE BLUE NITRILE EXAM GLOVES", "action_flag": 2, "change_message": "[{\"changed\": {\"fields\": [\"Shortname\"]}}]"}}, {"model": "admin.logentry", "pk": 88, "fields": {"action_time": "2025-03-15T02:50:12.440Z", "user": 1, "content_type": 15, "object_id": "14", "object_repr": "2920/S DISPOSABLE BLUE NITRILE EXAM GLOVES", "action_flag": 2, "change_message": "[{\"changed\": {\"fields\": [\"Shortname\"]}}]"}}, {"model": "admin.logentry", "pk": 89, "fields": {"action_time": "2025-03-15T02:50:18.577Z", "user": 1, "content_type": 15, "object_id": "13", "object_repr": "2920/M DISPOSABLE BLUE NITRILE EXAM GLOVES", "action_flag": 2, "change_message": "[{\"changed\": {\"fields\": [\"Shortname\"]}}]"}}, {"model": "admin.logentry", "pk": 90, "fields": {"action_time": "2025-03-15T02:50:24.516Z", "user": 1, "content_type": 15, "object_id": "12", "object_repr": "2920/L DISPOSABLE BLUE NITRILE EXAM GLOVES", "action_flag": 2, "change_message": "[{\"changed\": {\"fields\": [\"Shortname\"]}}]"}}, {"model": "admin.logentry", "pk": 91, "fields": {"action_time": "2025-03-15T02:50:34.759Z", "user": 1, "content_type": 15, "object_id": "11", "object_repr": "2910/XXL XXLARGE NITRILE GLOVES", "action_flag": 2, "change_message": "[{\"changed\": {\"fields\": [\"Shortname\"]}}]"}}, {"model": "admin.logentry", "pk": 92, "fields": {"action_time": "2025-03-15T02:50:50.219Z", "user": 1, "content_type": 15, "object_id": "10", "object_repr": "2910/XS X-SMALL NITRILE GLOVES", "action_flag": 2, "change_message": "[{\"changed\": {\"fields\": [\"Shortname\"]}}]"}}, {"model": "admin.logentry", "pk": 93, "fields": {"action_time": "2025-03-15T02:50:58.821Z", "user": 1, "content_type": 15, "object_id": "9", "object_repr": "2910/XS NITRILE GLOVES", "action_flag": 2, "change_message": "[{\"changed\": {\"fields\": [\"Shortname\"]}}]"}}, {"model": "admin.logentry", "pk": 94, "fields": {"action_time": "2025-03-15T02:51:29.023Z", "user": 1, "content_type": 15, "object_id": "8", "object_repr": "2820-WH-XL DISPOSABLE WHITE NITRILE EXAM GLOVE XL", "action_flag": 2, "change_message": "[{\"changed\": {\"fields\": [\"Shortname\"]}}]"}}, {"model": "admin.logentry", "pk": 95, "fields": {"action_time": "2025-03-15T02:51:39.267Z", "user": 1, "content_type": 15, "object_id": "7", "object_repr": "2820-WH-S DISPOSABLE WHITE NITRILE EXAM GLOVE S", "action_flag": 2, "change_message": "[{\"changed\": {\"fields\": [\"Shortname\"]}}]"}}, {"model": "admin.logentry", "pk": 96, "fields": {"action_time": "2025-03-15T02:51:46.641Z", "user": 1, "content_type": 15, "object_id": "6", "object_repr": "2820-WH-M DISPOSABLE WHITE NITRILE EXAM GLOVE M", "action_flag": 2, "change_message": "[{\"changed\": {\"fields\": [\"Shortname\"]}}]"}}, {"model": "admin.logentry", "pk": 97, "fields": {"action_time": "2025-03-15T02:51:53.194Z", "user": 1, "content_type": 15, "object_id": "5", "object_repr": "2820-WH-L DISPOSABLE WHITE NITRILE EXAM GLOVE L", "action_flag": 2, "change_message": "[{\"changed\": {\"fields\": [\"Shortname\"]}}]"}}, {"model": "admin.logentry", "pk": 98, "fields": {"action_time": "2025-03-15T02:51:59.651Z", "user": 1, "content_type": 15, "object_id": "4", "object_repr": "2810/XL  INDUSTRIAL WHITE NITRILE  XLARGE", "action_flag": 2, "change_message": "[{\"changed\": {\"fields\": [\"Shortname\"]}}]"}}, {"model": "admin.logentry", "pk": 99, "fields": {"action_time": "2025-03-15T02:52:06.609Z", "user": 1, "content_type": 15, "object_id": "3", "object_repr": "2810/M INDUSTRIAL WHITE NITRILE MEDIUM", "action_flag": 2, "change_message": "[{\"changed\": {\"fields\": [\"Shortname\"]}}]"}}, {"model": "admin.logentry", "pk": 100, "fields": {"action_time": "2025-03-15T02:52:15.518Z", "user": 1, "content_type": 15, "object_id": "2", "object_repr": "2810/L  INDUSTRIAL WHITE NITRILE  LARGE", "action_flag": 2, "change_message": "[{\"changed\": {\"fields\": [\"Shortname\"]}}]"}}, {"model": "admin.logentry", "pk": 101, "fields": {"action_time": "2025-03-15T02:52:25.040Z", "user": 1, "content_type": 15, "object_id": "1", "object_repr": "20-HBC-01015CC-326PC/EACH FIRST AID KIT", "action_flag": 2, "change_message": "[{\"changed\": {\"fields\": [\"Shortname\"]}}]"}}, {"model": "admin.logentry", "pk": 102, "fields": {"action_time": "2025-03-15T04:34:23.466Z", "user": 1, "content_type": 10, "object_id": "13", "object_repr": "85242 - BUNZL HOLDINGS, INC.", "action_flag": 3, "change_message": ""}}, {"model": "admin.logentry", "pk": 103, "fields": {"action_time": "2025-03-15T04:40:56.075Z", "user": 1, "content_type": 10, "object_id": "14", "object_repr": "85242 - MCLANE FOODSERVICE", "action_flag": 3, "change_message": ""}}, {"model": "admin.logentry", "pk": 104, "fields": {"action_time": "2025-03-15T04:42:05.913Z", "user": 1, "content_type": 10, "object_id": "15", "object_repr": "85242 - MCLANE FOODSERVICE", "action_flag": 3, "change_message": ""}}, {"model": "admin.logentry", "pk": 105, "fields": {"action_time": "2025-03-15T04:43:04.487Z", "user": 1, "content_type": 10, "object_id": "16", "object_repr": "85242 - MCLANE FOODSERVICE", "action_flag": 3, "change_message": ""}}, {"model": "admin.logentry", "pk": 106, "fields": {"action_time": "2025-03-15T05:07:22.177Z", "user": 1, "content_type": 10, "object_id": "17", "object_repr": "85242 - MCLANE FOODSERVICE", "action_flag": 3, "change_message": ""}}, {"model": "admin.logentry", "pk": 107, "fields": {"action_time": "2025-03-17T15:13:17.516Z", "user": 1, "content_type": 17, "object_id": "3", "object_repr": "Kaitlyn Rodriguez", "action_flag": 1, "change_message": "[{\"added\": {}}]"}}, {"model": "admin.logentry", "pk": 108, "fields": {"action_time": "2025-03-17T15:13:37.356Z", "user": 1, "content_type": 17, "object_id": "4", "object_repr": "Ava Zeng", "action_flag": 1, "change_message": "[{\"added\": {}}]"}}, {"model": "admin.logentry", "pk": 109, "fields": {"action_time": "2025-03-17T15:13:51.100Z", "user": 1, "content_type": 17, "object_id": "5", "object_repr": "Ellie Xu", "action_flag": 1, "change_message": "[{\"added\": {}}]"}}, {"model": "admin.logentry", "pk": 110, "fields": {"action_time": "2025-03-17T15:14:29.398Z", "user": 1, "content_type": 17, "object_id": "6", "object_repr": "Adam Chu", "action_flag": 1, "change_message": "[{\"added\": {}}]"}}, {"model": "admin.logentry", "pk": 111, "fields": {"action_time": "2025-03-17T15:16:33.681Z", "user": 1, "content_type": 17, "object_id": "7", "object_repr": "Irene Moreno", "action_flag": 1, "change_message": "[{\"added\": {}}]"}}, {"model": "admin.logentry", "pk": 112, "fields": {"action_time": "2025-03-17T15:28:17.725Z", "user": 1, "content_type": 17, "object_id": "8", "object_repr": "Cesar Martinez", "action_flag": 1, "change_message": "[{\"added\": {}}]"}}, {"model": "admin.logentry", "pk": 113, "fields": {"action_time": "2025-03-17T15:28:53.050Z", "user": 1, "content_type": 17, "object_id": "9", "object_repr": "Alfredo Garcia Hernandez", "action_flag": 1, "change_message": "[{\"added\": {}}]"}}, {"model": "admin.logentry", "pk": 114, "fields": {"action_time": "2025-03-17T15:29:16.806Z", "user": 1, "content_type": 17, "object_id": "10", "object_repr": "Alexander Salas Guzman", "action_flag": 1, "change_message": "[{\"added\": {}}]"}}, {"model": "admin.logentry", "pk": 115, "fields": {"action_time": "2025-03-17T15:29:39.977Z", "user": 1, "content_type": 17, "object_id": "11", "object_repr": "Omar Dominguez", "action_flag": 1, "change_message": "[{\"added\": {}}]"}}, {"model": "admin.logentry", "pk": 116, "fields": {"action_time": "2025-03-17T15:30:42.930Z", "user": 1, "content_type": 17, "object_id": "12", "object_repr": "Eric Oliver Flores", "action_flag": 1, "change_message": "[{\"added\": {}}]"}}, {"model": "admin.logentry", "pk": 117, "fields": {"action_time": "2025-03-17T15:31:15.500Z", "user": 1, "content_type": 17, "object_id": "13", "object_repr": "Tomas Lobato", "action_flag": 1, "change_message": "[{\"added\": {}}]"}}, {"model": "admin.logentry", "pk": 118, "fields": {"action_time": "2025-03-17T15:31:47.956Z", "user": 1, "content_type": 17, "object_id": "14", "object_repr": "RICARDO BERMUDEZ", "action_flag": 1, "change_message": "[{\"added\": {}}]"}}, {"model": "admin.logentry", "pk": 119, "fields": {"action_time": "2025-03-17T15:32:22.261Z", "user": 1, "content_type": 17, "object_id": "15", "object_repr": "JESUS LOBATO", "action_flag": 1, "change_message": "[{\"added\": {}}]"}}, {"model": "admin.logentry", "pk": 120, "fields": {"action_time": "2025-03-17T15:33:03.642Z", "user": 1, "content_type": 17, "object_id": "16", "object_repr": "MANUEL SALAS", "action_flag": 1, "change_message": "[{\"added\": {}}]"}}, {"model": "admin.logentry", "pk": 121, "fields": {"action_time": "2025-03-17T15:33:25.242Z", "user": 1, "content_type": 17, "object_id": "17", "object_repr": "Constantino Lobato", "action_flag": 1, "change_message": "[{\"added\": {}}]"}}, {"model": "admin.logentry", "pk": 122, "fields": {"action_time": "2025-03-17T15:33:41.945Z", "user": 1, "content_type": 17, "object_id": "18", "object_repr": "YONI MOLALES", "action_flag": 1, "change_message": "[{\"added\": {}}]"}}, {"model": "admin.logentry", "pk": 123, "fields": {"action_time": "2025-03-17T15:33:57.391Z", "user": 1, "content_type": 17, "object_id": "19", "object_repr": "EDI HERNANDEZ", "action_flag": 1, "change_message": "[{\"added\": {}}]"}}, {"model": "admin.logentry", "pk": 124, "fields": {"action_time": "2025-03-17T15:36:01.400Z", "user": 1, "content_type": 17, "object_id": "20", "object_repr": "URIEL GUZMAN", "action_flag": 1, "change_message": "[{\"added\": {}}]"}}, {"model": "admin.logentry", "pk": 125, "fields": {"action_time": "2025-03-17T15:42:56.228Z", "user": 1, "content_type": 17, "object_id": "2", "object_repr": "Maria T Ochoa", "action_flag": 2, "change_message": "[{\"changed\": {\"fields\": [\"Name\"]}}]"}}, {"model": "admin.logentry", "pk": 126, "fields": {"action_time": "2025-03-17T15:44:18.559Z", "user": 1, "content_type": 17, "object_id": "21", "object_repr": "Zijie Qiu", "action_flag": 1, "change_message": "[{\"added\": {}}]"}}, {"model": "admin.logentry", "pk": 127, "fields": {"action_time": "2025-03-17T15:44:25.221Z", "user": 1, "content_type": 17, "object_id": "22", "object_repr": "Lei Zhai", "action_flag": 1, "change_message": "[{\"added\": {}}]"}}, {"model": "admin.logentry", "pk": 128, "fields": {"action_time": "2025-03-17T15:44:39.141Z", "user": 1, "content_type": 17, "object_id": "23", "object_repr": "Cecilia Oliver", "action_flag": 1, "change_message": "[{\"added\": {}}]"}}, {"model": "admin.logentry", "pk": 129, "fields": {"action_time": "2025-03-17T15:44:49.670Z", "user": 1, "content_type": 17, "object_id": "24", "object_repr": "Adriana Solorzano", "action_flag": 1, "change_message": "[{\"added\": {}}]"}}, {"model": "admin.logentry", "pk": 130, "fields": {"action_time": "2025-03-17T15:44:57.165Z", "user": 1, "content_type": 17, "object_id": "25", "object_repr": "Noe Fernandez", "action_flag": 1, "change_message": "[{\"added\": {}}]"}}, {"model": "admin.logentry", "pk": 131, "fields": {"action_time": "2025-03-17T15:46:49.908Z", "user": 1, "content_type": 17, "object_id": "21", "object_repr": "Zijie Qiu-Steve", "action_flag": 2, "change_message": "[{\"changed\": {\"fields\": [\"Name\"]}}]"}}, {"model": "admin.logentry", "pk": 132, "fields": {"action_time": "2025-03-17T15:47:08.749Z", "user": 1, "content_type": 17, "object_id": "22", "object_repr": "Lei Zhai-Jerry", "action_flag": 2, "change_message": "[{\"changed\": {\"fields\": [\"Name\"]}}]"}}, {"model": "admin.logentry", "pk": 133, "fields": {"action_time": "2025-03-17T15:50:23.926Z", "user": 1, "content_type": 16, "object_id": "14", "object_repr": "ClockRecord object (14)", "action_flag": 3, "change_message": ""}}, {"model": "admin.logentry", "pk": 134, "fields": {"action_time": "2025-03-17T15:50:27.414Z", "user": 1, "content_type": 16, "object_id": "8", "object_repr": "ClockRecord object (8)", "action_flag": 3, "change_message": ""}}, {"model": "admin.logentry", "pk": 135, "fields": {"action_time": "2025-03-17T15:50:30.590Z", "user": 1, "content_type": 16, "object_id": "13", "object_repr": "ClockRecord object (13)", "action_flag": 3, "change_message": ""}}, {"model": "admin.logentry", "pk": 136, "fields": {"action_time": "2025-03-17T15:50:34.268Z", "user": 1, "content_type": 16, "object_id": "7", "object_repr": "ClockRecord object (7)", "action_flag": 3, "change_message": ""}}, {"model": "admin.logentry", "pk": 137, "fields": {"action_time": "2025-03-17T15:50:37.625Z", "user": 1, "content_type": 16, "object_id": "12", "object_repr": "ClockRecord object (12)", "action_flag": 3, "change_message": ""}}, {"model": "admin.logentry", "pk": 138, "fields": {"action_time": "2025-03-17T15:50:41.094Z", "user": 1, "content_type": 16, "object_id": "6", "object_repr": "ClockRecord object (6)", "action_flag": 3, "change_message": ""}}, {"model": "admin.logentry", "pk": 139, "fields": {"action_time": "2025-03-17T15:50:44.299Z", "user": 1, "content_type": 16, "object_id": "11", "object_repr": "ClockRecord object (11)", "action_flag": 3, "change_message": ""}}, {"model": "admin.logentry", "pk": 140, "fields": {"action_time": "2025-03-17T15:50:47.621Z", "user": 1, "content_type": 16, "object_id": "5", "object_repr": "ClockRecord object (5)", "action_flag": 3, "change_message": ""}}, {"model": "admin.logentry", "pk": 141, "fields": {"action_time": "2025-03-17T15:50:51.062Z", "user": 1, "content_type": 16, "object_id": "10", "object_repr": "ClockRecord object (10)", "action_flag": 3, "change_message": ""}}, {"model": "admin.logentry", "pk": 142, "fields": {"action_time": "2025-03-17T15:50:53.931Z", "user": 1, "content_type": 16, "object_id": "4", "object_repr": "ClockRecord object (4)", "action_flag": 3, "change_message": ""}}, {"model": "admin.logentry", "pk": 143, "fields": {"action_time": "2025-03-17T15:50:57.759Z", "user": 1, "content_type": 16, "object_id": "9", "object_repr": "ClockRecord object (9)", "action_flag": 3, "change_message": ""}}, {"model": "admin.logentry", "pk": 144, "fields": {"action_time": "2025-03-17T15:51:00.791Z", "user": 1, "content_type": 16, "object_id": "3", "object_repr": "ClockRecord object (3)", "action_flag": 3, "change_message": ""}}, {"model": "admin.logentry", "pk": 145, "fields": {"action_time": "2025-03-17T15:51:04.068Z", "user": 1, "content_type": 16, "object_id": "2", "object_repr": "ClockRecord object (2)", "action_flag": 3, "change_message": ""}}, {"model": "admin.logentry", "pk": 146, "fields": {"action_time": "2025-03-17T15:51:06.935Z", "user": 1, "content_type": 16, "object_id": "1", "object_repr": "ClockRecord object (1)", "action_flag": 3, "change_message": ""}}, {"model": "admin.logentry", "pk": 147, "fields": {"action_time": "2025-03-18T04:53:44.282Z", "user": 1, "content_type": 16, "object_id": "1", "object_repr": "ClockRecord object (1)", "action_flag": 1, "change_message": "[{\"added\": {}}]"}}, {"model": "admin.logentry", "pk": 148, "fields": {"action_time": "2025-03-18T04:54:14.265Z", "user": 1, "content_type": 16, "object_id": "1", "object_repr": "ClockRecord object (1)", "action_flag": 2, "change_message": "[{\"changed\": {\"fields\": [\"Morning Clock Out\"]}}]"}}, {"model": "admin.logentry", "pk": 149, "fields": {"action_time": "2025-03-19T03:08:24.637Z", "user": 1, "content_type": 16, "object_id": "8", "object_repr": "ClockRecord object (8)", "action_flag": 3, "change_message": ""}}, {"model": "admin.logentry", "pk": 150, "fields": {"action_time": "2025-03-19T03:23:57.722Z", "user": 1, "content_type": 17, "object_id": "22", "object_repr": "Lei Zhai-Jerry", "action_flag": 2, "change_message": "[{\"changed\": {\"fields\": [\"BelongTo\"]}}]"}}, {"model": "admin.logentry", "pk": 151, "fields": {"action_time": "2025-03-19T03:24:18.268Z", "user": 1, "content_type": 17, "object_id": "21", "object_repr": "Zijie Qiu-Steve", "action_flag": 2, "change_message": "[{\"changed\": {\"fields\": [\"BelongTo\"]}}]"}}, {"model": "admin.logentry", "pk": 152, "fields": {"action_time": "2025-03-19T03:24:55.207Z", "user": 1, "content_type": 17, "object_id": "25", "object_repr": "Noe Fernandez", "action_flag": 2, "change_message": "[{\"changed\": {\"fields\": [\"BelongTo\"]}}]"}}, {"model": "admin.logentry", "pk": 153, "fields": {"action_time": "2025-03-19T03:29:05.650Z", "user": 1, "content_type": 17, "object_id": "23", "object_repr": "Cecilia Oliver", "action_flag": 2, "change_message": "[{\"changed\": {\"fields\": [\"BelongTo\"]}}]"}}, {"model": "admin.logentry", "pk": 154, "fields": {"action_time": "2025-03-19T03:29:12.330Z", "user": 1, "content_type": 17, "object_id": "24", "object_repr": "Adriana Solorzano", "action_flag": 2, "change_message": "[{\"changed\": {\"fields\": [\"BelongTo\"]}}]"}}, {"model": "admin.logentry", "pk": 155, "fields": {"action_time": "2025-03-19T04:04:04.172Z", "user": 1, "content_type": 17, "object_id": "22", "object_repr": "Lei Zhai-Jerry", "action_flag": 2, "change_message": "[{\"changed\": {\"fields\": [\"BelongTo\"]}}]"}}, {"model": "admin.logentry", "pk": 156, "fields": {"action_time": "2025-03-19T04:04:11.835Z", "user": 1, "content_type": 17, "object_id": "21", "object_repr": "Zijie Qiu-Steve", "action_flag": 2, "change_message": "[{\"changed\": {\"fields\": [\"BelongTo\"]}}]"}}, {"model": "admin.logentry", "pk": 157, "fields": {"action_time": "2025-03-19T04:04:22.012Z", "user": 1, "content_type": 17, "object_id": "23", "object_repr": "Cecilia Oliver", "action_flag": 2, "change_message": "[{\"changed\": {\"fields\": [\"BelongTo\"]}}]"}}, {"model": "admin.logentry", "pk": 158, "fields": {"action_time": "2025-03-19T04:04:29.198Z", "user": 1, "content_type": 17, "object_id": "24", "object_repr": "Adriana Solorzano", "action_flag": 2, "change_message": "[{\"changed\": {\"fields\": [\"BelongTo\"]}}]"}}, {"model": "admin.logentry", "pk": 159, "fields": {"action_time": "2025-03-19T04:04:35.362Z", "user": 1, "content_type": 17, "object_id": "25", "object_repr": "Noe Fernandez", "action_flag": 2, "change_message": "[{\"changed\": {\"fields\": [\"BelongTo\"]}}]"}}, {"model": "auth.permission", "pk": 1, "fields": {"name": "Can add container", "content_type": 1, "codename": "add_container"}}, {"model": "auth.permission", "pk": 2, "fields": {"name": "Can change container", "content_type": 1, "codename": "change_container"}}, {"model": "auth.permission", "pk": 3, "fields": {"name": "Can delete container", "content_type": 1, "codename": "delete_container"}}, {"model": "auth.permission", "pk": 4, "fields": {"name": "Can view container", "content_type": 1, "codename": "view_container"}}, {"model": "auth.permission", "pk": 5, "fields": {"name": "Can add permission", "content_type": 2, "codename": "add_permission"}}, {"model": "auth.permission", "pk": 6, "fields": {"name": "Can change permission", "content_type": 2, "codename": "change_permission"}}, {"model": "auth.permission", "pk": 7, "fields": {"name": "Can delete permission", "content_type": 2, "codename": "delete_permission"}}, {"model": "auth.permission", "pk": 8, "fields": {"name": "Can view permission", "content_type": 2, "codename": "view_permission"}}, {"model": "auth.permission", "pk": 9, "fields": {"name": "Can add user and permission", "content_type": 3, "codename": "add_userandpermission"}}, {"model": "auth.permission", "pk": 10, "fields": {"name": "Can change user and permission", "content_type": 3, "codename": "change_userandpermission"}}, {"model": "auth.permission", "pk": 11, "fields": {"name": "Can delete user and permission", "content_type": 3, "codename": "delete_userandpermission"}}, {"model": "auth.permission", "pk": 12, "fields": {"name": "Can view user and permission", "content_type": 3, "codename": "view_userandpermission"}}, {"model": "auth.permission", "pk": 13, "fields": {"name": "Can add log entry", "content_type": 4, "codename": "add_logentry"}}, {"model": "auth.permission", "pk": 14, "fields": {"name": "Can change log entry", "content_type": 4, "codename": "change_logentry"}}, {"model": "auth.permission", "pk": 15, "fields": {"name": "Can delete log entry", "content_type": 4, "codename": "delete_logentry"}}, {"model": "auth.permission", "pk": 16, "fields": {"name": "Can view log entry", "content_type": 4, "codename": "view_logentry"}}, {"model": "auth.permission", "pk": 17, "fields": {"name": "Can add permission", "content_type": 5, "codename": "add_permission"}}, {"model": "auth.permission", "pk": 18, "fields": {"name": "Can change permission", "content_type": 5, "codename": "change_permission"}}, {"model": "auth.permission", "pk": 19, "fields": {"name": "Can delete permission", "content_type": 5, "codename": "delete_permission"}}, {"model": "auth.permission", "pk": 20, "fields": {"name": "Can view permission", "content_type": 5, "codename": "view_permission"}}, {"model": "auth.permission", "pk": 21, "fields": {"name": "Can add group", "content_type": 6, "codename": "add_group"}}, {"model": "auth.permission", "pk": 22, "fields": {"name": "Can change group", "content_type": 6, "codename": "change_group"}}, {"model": "auth.permission", "pk": 23, "fields": {"name": "Can delete group", "content_type": 6, "codename": "delete_group"}}, {"model": "auth.permission", "pk": 24, "fields": {"name": "Can view group", "content_type": 6, "codename": "view_group"}}, {"model": "auth.permission", "pk": 25, "fields": {"name": "Can add user", "content_type": 7, "codename": "add_user"}}, {"model": "auth.permission", "pk": 26, "fields": {"name": "Can change user", "content_type": 7, "codename": "change_user"}}, {"model": "auth.permission", "pk": 27, "fields": {"name": "Can delete user", "content_type": 7, "codename": "delete_user"}}, {"model": "auth.permission", "pk": 28, "fields": {"name": "Can view user", "content_type": 7, "codename": "view_user"}}, {"model": "auth.permission", "pk": 29, "fields": {"name": "Can add content type", "content_type": 8, "codename": "add_contenttype"}}, {"model": "auth.permission", "pk": 30, "fields": {"name": "Can change content type", "content_type": 8, "codename": "change_contenttype"}}, {"model": "auth.permission", "pk": 31, "fields": {"name": "Can delete content type", "content_type": 8, "codename": "delete_contenttype"}}, {"model": "auth.permission", "pk": 32, "fields": {"name": "Can view content type", "content_type": 8, "codename": "view_contenttype"}}, {"model": "auth.permission", "pk": 33, "fields": {"name": "Can add session", "content_type": 9, "codename": "add_session"}}, {"model": "auth.permission", "pk": 34, "fields": {"name": "Can change session", "content_type": 9, "codename": "change_session"}}, {"model": "auth.permission", "pk": 35, "fields": {"name": "Can delete session", "content_type": 9, "codename": "delete_session"}}, {"model": "auth.permission", "pk": 36, "fields": {"name": "Can view session", "content_type": 9, "codename": "view_session"}}, {"model": "auth.permission", "pk": 37, "fields": {"name": "Can add rm order", "content_type": 10, "codename": "add_rmorder"}}, {"model": "auth.permission", "pk": 38, "fields": {"name": "Can change rm order", "content_type": 10, "codename": "change_rmorder"}}, {"model": "auth.permission", "pk": 39, "fields": {"name": "Can delete rm order", "content_type": 10, "codename": "delete_rmorder"}}, {"model": "auth.permission", "pk": 40, "fields": {"name": "Can view rm order", "content_type": 10, "codename": "view_rmorder"}}, {"model": "auth.permission", "pk": 41, "fields": {"name": "Can add rm customer", "content_type": 11, "codename": "add_rmcustomer"}}, {"model": "auth.permission", "pk": 42, "fields": {"name": "Can change rm customer", "content_type": 11, "codename": "change_rmcustomer"}}, {"model": "auth.permission", "pk": 43, "fields": {"name": "Can delete rm customer", "content_type": 11, "codename": "delete_rmcustomer"}}, {"model": "auth.permission", "pk": 44, "fields": {"name": "Can view rm customer", "content_type": 11, "codename": "view_rmcustomer"}}, {"model": "auth.permission", "pk": 45, "fields": {"name": "Can add order image", "content_type": 12, "codename": "add_orderimage"}}, {"model": "auth.permission", "pk": 46, "fields": {"name": "Can change order image", "content_type": 12, "codename": "change_orderimage"}}, {"model": "auth.permission", "pk": 47, "fields": {"name": "Can delete order image", "content_type": 12, "codename": "delete_orderimage"}}, {"model": "auth.permission", "pk": 48, "fields": {"name": "Can view order image", "content_type": 12, "codename": "view_orderimage"}}, {"model": "auth.permission", "pk": 49, "fields": {"name": "Can add invoice customer", "content_type": 13, "codename": "add_invoicecustomer"}}, {"model": "auth.permission", "pk": 50, "fields": {"name": "Can change invoice customer", "content_type": 13, "codename": "change_invoicecustomer"}}, {"model": "auth.permission", "pk": 51, "fields": {"name": "Can delete invoice customer", "content_type": 13, "codename": "delete_invoicecustomer"}}, {"model": "auth.permission", "pk": 52, "fields": {"name": "Can view invoice customer", "content_type": 13, "codename": "view_invoicecustomer"}}, {"model": "auth.permission", "pk": 53, "fields": {"name": "Can add rm inventory", "content_type": 14, "codename": "add_rminventory"}}, {"model": "auth.permission", "pk": 54, "fields": {"name": "Can change rm inventory", "content_type": 14, "codename": "change_rminventory"}}, {"model": "auth.permission", "pk": 55, "fields": {"name": "Can delete rm inventory", "content_type": 14, "codename": "delete_rminventory"}}, {"model": "auth.permission", "pk": 56, "fields": {"name": "Can view rm inventory", "content_type": 14, "codename": "view_rminventory"}}, {"model": "auth.permission", "pk": 57, "fields": {"name": "Can add rm product", "content_type": 15, "codename": "add_rmproduct"}}, {"model": "auth.permission", "pk": 58, "fields": {"name": "Can change rm product", "content_type": 15, "codename": "change_rmproduct"}}, {"model": "auth.permission", "pk": 59, "fields": {"name": "Can delete rm product", "content_type": 15, "codename": "delete_rmproduct"}}, {"model": "auth.permission", "pk": 60, "fields": {"name": "Can view rm product", "content_type": 15, "codename": "view_rmproduct"}}, {"model": "auth.permission", "pk": 61, "fields": {"name": "Can add Clocking record", "content_type": 16, "codename": "add_clockrecord"}}, {"model": "auth.permission", "pk": 62, "fields": {"name": "Can change Clocking record", "content_type": 16, "codename": "change_clockrecord"}}, {"model": "auth.permission", "pk": 63, "fields": {"name": "Can delete Clocking record", "content_type": 16, "codename": "delete_clockrecord"}}, {"model": "auth.permission", "pk": 64, "fields": {"name": "Can view Clocking record", "content_type": 16, "codename": "view_clockrecord"}}, {"model": "auth.permission", "pk": 65, "fields": {"name": "Can add employee", "content_type": 17, "codename": "add_employee"}}, {"model": "auth.permission", "pk": 66, "fields": {"name": "Can change employee", "content_type": 17, "codename": "change_employee"}}, {"model": "auth.permission", "pk": 67, "fields": {"name": "Can delete employee", "content_type": 17, "codename": "delete_employee"}}, {"model": "auth.permission", "pk": 68, "fields": {"name": "Can view employee", "content_type": 17, "codename": "view_employee"}}, {"model": "auth.permission", "pk": 69, "fields": {"name": "Can add logistics company", "content_type": 18, "codename": "add_logisticscompany"}}, {"model": "auth.permission", "pk": 70, "fields": {"name": "Can change logistics company", "content_type": 18, "codename": "change_logisticscompany"}}, {"model": "auth.permission", "pk": 71, "fields": {"name": "Can delete logistics company", "content_type": 18, "codename": "delete_logisticscompany"}}, {"model": "auth.permission", "pk": 72, "fields": {"name": "Can view logistics company", "content_type": 18, "codename": "view_logisticscompany"}}, {"model": "auth.permission", "pk": 73, "fields": {"name": "Can add order item", "content_type": 19, "codename": "add_orderitem"}}, {"model": "auth.permission", "pk": 74, "fields": {"name": "Can change order item", "content_type": 19, "codename": "change_orderitem"}}, {"model": "auth.permission", "pk": 75, "fields": {"name": "Can delete order item", "content_type": 19, "codename": "delete_orderitem"}}, {"model": "auth.permission", "pk": 76, "fields": {"name": "Can view order item", "content_type": 19, "codename": "view_orderitem"}}, {"model": "auth.user", "pk": 1, "fields": {"password": "pbkdf2_sha256$870000$TR5Hm8PLCkhjZ1GPw6wA22$08rHXejscOyhq2lhSeaMLKbreChn1HVZqgXNkdhNA+M=", "last_login": "2025-03-17T15:01:11.140Z", "is_superuser": true, "username": "root", "first_name": "", "last_name": "", "email": "jing.li2019@hotmail.com", "is_staff": true, "is_active": true, "date_joined": "2025-03-07T16:19:32.293Z", "groups": [], "user_permissions": []}}, {"model": "auth.user", "pk": 2, "fields": {"password": "pbkdf2_sha256$870000$EtjrpDxozvo4kUGZuITusu$nJDpsrBYOSDZKrdGuMK9cE8Zhpqk0CmOp3nmKlyFde0=", "last_login": null, "is_superuser": false, "username": "user1", "first_name": "", "last_name": "", "email": "user1@126.com", "is_staff": false, "is_active": true, "date_joined": "2025-03-09T05:56:24.924Z", "groups": [], "user_permissions": []}}, {"model": "auth.user", "pk": 3, "fields": {"password": "pbkdf2_sha256$870000$PtoafynGOQ4yfwZ569dL8B$BNrNISrS48Qcf2lNtjlbc8cvksUOm9alA9plDP5rGXg=", "last_login": null, "is_superuser": false, "username": "user2", "first_name": "", "last_name": "", "email": "user2@126.com", "is_staff": false, "is_active": true, "date_joined": "2025-03-09T05:59:02.421Z", "groups": [], "user_permissions": []}}, {"model": "contenttypes.contenttype", "pk": 1, "fields": {"app_label": "container", "model": "container"}}, {"model": "contenttypes.contenttype", "pk": 2, "fields": {"app_label": "container", "model": "permission"}}, {"model": "contenttypes.contenttype", "pk": 3, "fields": {"app_label": "container", "model": "userandpermission"}}, {"model": "contenttypes.contenttype", "pk": 4, "fields": {"app_label": "admin", "model": "logentry"}}, {"model": "contenttypes.contenttype", "pk": 5, "fields": {"app_label": "auth", "model": "permission"}}, {"model": "contenttypes.contenttype", "pk": 6, "fields": {"app_label": "auth", "model": "group"}}, {"model": "contenttypes.contenttype", "pk": 7, "fields": {"app_label": "auth", "model": "user"}}, {"model": "contenttypes.contenttype", "pk": 8, "fields": {"app_label": "contenttypes", "model": "contenttype"}}, {"model": "contenttypes.contenttype", "pk": 9, "fields": {"app_label": "sessions", "model": "session"}}, {"model": "contenttypes.contenttype", "pk": 10, "fields": {"app_label": "container", "model": "rmorder"}}, {"model": "contenttypes.contenttype", "pk": 11, "fields": {"app_label": "container", "model": "rmcustomer"}}, {"model": "contenttypes.contenttype", "pk": 12, "fields": {"app_label": "container", "model": "orderimage"}}, {"model": "contenttypes.contenttype", "pk": 13, "fields": {"app_label": "container", "model": "invoicecustomer"}}, {"model": "contenttypes.contenttype", "pk": 14, "fields": {"app_label": "container", "model": "rminventory"}}, {"model": "contenttypes.contenttype", "pk": 15, "fields": {"app_label": "container", "model": "rmproduct"}}, {"model": "contenttypes.contenttype", "pk": 16, "fields": {"app_label": "container", "model": "clockrecord"}}, {"model": "contenttypes.contenttype", "pk": 17, "fields": {"app_label": "container", "model": "employee"}}, {"model": "contenttypes.contenttype", "pk": 18, "fields": {"app_label": "container", "model": "logisticscompany"}}, {"model": "contenttypes.contenttype", "pk": 19, "fields": {"app_label": "container", "model": "orderitem"}}, {"model": "sessions.session", "pk": "03z83kuvofskao6m0tokkwqpurk214za", "fields": {"session_data": ".eJxVjEEOwiAURO_C2hCg9AMu3fcM5AMfqRpISrsy3t026UJXk8x7M2_mcVuL3zotfk7syiS7_HYB45PqAdID673x2Oq6zIEfCj9p51NL9Lqd7t9BwV72NSWVnbDWRWFARwdGjhAIs1QAmIOkPVI2KKzRzo6QtIDBoCNQchDEPl_bfDdb:1tuBxn:5ZzxclNYOvv3ju5TGnoXEWj-Pe389cvSrR9tIX-FcVU", "expire_date": "2025-03-31T15:01:11.142Z"}}, {"model": "sessions.session", "pk": "cb98782wxn00ws26fhfp4xra5w6pvssf", "fields": {"session_data": ".eJxVjEEOwiAURO_C2hCg9AMu3fcM5AMfqRpISrsy3t026UJXk8x7M2_mcVuL3zotfk7syiS7_HYB45PqAdID673x2Oq6zIEfCj9p51NL9Lqd7t9BwV72NSWVnbDWRWFARwdGjhAIs1QAmIOkPVI2KKzRzo6QtIDBoCNQchDEPl_bfDdb:1tqaRb:AtEMF0UBDDCxQ6VWhjylnvMjgLNklaVwTgDjjmH2Jw8", "expire_date": "2025-03-21T16:21:03.369Z"}}, {"model": "sessions.session", "pk": "itn5p3qr9yrjw92kldu6w89lcc8rr5yv", "fields": {"session_data": ".eJxVjEEOwiAURO_C2hCg9AMu3fcM5AMfqRpISrsy3t026UJXk8x7M2_mcVuL3zotfk7syiS7_HYB45PqAdID673x2Oq6zIEfCj9p51NL9Lqd7t9BwV72NSWVnbDWRWFARwdGjhAIs1QAmIOkPVI2KKzRzo6QtIDBoCNQchDEPl_bfDdb:1tqmAB:noZ9hi2d6OR-wWiVkZVmtEGV0X1AJh2nyaaT25kXzvY", "expire_date": "2025-03-22T04:51:51.617Z"}}, {"model": "sessions.session", "pk": "txv2z2blvp8ebjmzxpgtxuzi7ykr0tcj", "fields": {"session_data": ".eJxVjEEOwiAURO_C2hCg9AMu3fcM5AMfqRpISrsy3t026UJXk8x7M2_mcVuL3zotfk7syiS7_HYB45PqAdID673x2Oq6zIEfCj9p51NL9Lqd7t9BwV72NSWVnbDWRWFARwdGjhAIs1QAmIOkPVI2KKzRzo6QtIDBoCNQchDEPl_bfDdb:1tslqL:oWrwKUGhC6-OiPuBkjGnOCEG4rCLrTppAVOcDm55luQ", "expire_date": "2025-03-27T16:55:37.188Z"}}]